pc11_s_id,pc11_d_id,d_name,vol_slope,ntl_slope,vol_trend,ntl_trend,vol_growth_rate,ntl_growth_rate,slope_gap,pair_type
2,25,Lahul & Spiti,-0.4008026482511488,0.16297316070321216,declining,growing,-0.3275034910613327,0.1479484362982011,0.563775808954361,volume DOWN / ntl UP (opposite)
1,4,Kargil,-0.2962393507035486,0.1433020346226271,declining,growing,-0.2859920024706014,0.16195971159813993,0.4395413853261757,volume DOWN / ntl UP (opposite)
12,257,Dibang Valley,-0.2593251606951109,0.1708667609958608,declining,growing,-0.2324579237612454,0.2561501927516192,0.4301919216909717,volume DOWN / ntl UP (opposite)
1,3,Leh(Ladakh),-0.24160221677979293,0.13966479438252807,declining,growing,-0.22307076820103333,0.15120837740388393,0.381267011162321,volume DOWN / ntl UP (opposite)
12,260,Anjaw,-0.3441405698043655,0.0,declining,stagnant,-0.29549834680860165,,0.3441405698043655,volume declining / ntl flat
11,241,North  District,-0.45375196044278254,-0.11453464407908452,declining,declining,-0.3848002767282519,-0.11146539233614983,0.339217316363698,both declining
1,18,Kishtwar,-0.16680821135616805,0.11597784635593673,declining,growing,-0.17793523827292046,0.12737880637752497,0.2827860577121048,volume DOWN / ntl UP (opposite)
12,253,Changlang,0.027191913660368924,0.2718693634413662,growing,growing,0.038168037566554514,0.2543036210072036,0.24467744978099726,both growing
31,587,Lakshadweep,0.38313043992055695,0.15285780513690367,growing,growing,0.6913929353470656,0.18285105022187675,0.23027263478365328,both growing
12,245,Tawang,-0.10835011498213228,0.10069736999731842,declining,growing,-0.10778682981631693,0.11664500276748924,0.2090474849794507,volume DOWN / ntl UP (opposite)
17,295,South Garo Hills,0.010313167251777874,0.20598155116854563,stagnant,growing,0.008436180982729802,0.27635712079544317,0.19566838391676777,volume flat / ntl growing
18,311,Sivasagar,0.022061862488532345,-0.1553860833884402,growing,declining,0.010326482868531217,-0.14031662133888723,0.17744794587697255,volume UP / ntl DOWN (opposite)
5,57,Chamoli,-0.14597145395980396,0.02099809830076779,declining,growing,-0.12370364250628574,0.02489371088200465,0.16696955226057175,volume DOWN / ntl UP (opposite)
10,228,Sheikhpura,0.03411639579993676,0.19474570447566372,growing,growing,0.03105753984831039,0.21557104133839156,0.16062930867572695,both growing
15,281,Mamit,0.024187895405971587,0.17639574082831913,growing,growing,0.029407104702454445,0.2717046220030217,0.15220784542234755,both growing
1,11,Ganderbal,0.013791512672464916,0.16059455651742147,stagnant,growing,0.005354478946802521,0.21842503331437224,0.14680304384495654,volume flat / ntl growing
5,63,Bageshwar,-0.029162951326337016,0.10944910589015042,declining,growing,-0.011383449996273942,0.09856762236835115,0.13861205721648742,volume DOWN / ntl UP (opposite)
9,162,Auraiya,0.04877124757134796,-0.08941980391269498,growing,declining,0.04216568348407046,-0.08168949094012445,0.13819105148404293,volume UP / ntl DOWN (opposite)
12,252,Upper Siang,-0.13022579091530576,0.0,declining,stagnant,-0.12747797837393726,,0.13022579091530576,volume declining / ntl flat
35,638,Nicobars,0.006706299885348007,0.1359606537743024,stagnant,growing,0.005916158069672273,0.1236880782840366,0.12925435388895437,volume flat / ntl growing
10,206,Sitamarhi,0.015463691074953255,0.14421152552785685,stagnant,growing,0.03088869164936381,0.13808758446948843,0.12874783445290358,volume flat / ntl growing
18,323,Nalbari,0.01465026418601275,0.14213457661309964,stagnant,growing,0.010043970001098801,0.14925362872793912,0.12748431242708688,volume flat / ntl growing
9,161,Etawah,0.06099183691522415,-0.06205600077510111,growing,declining,0.06409971693747218,-0.05428033438910995,0.12304783769032526,volume UP / ntl DOWN (opposite)
2,34,Kinnaur,-0.1271741951484987,-0.005672449836280535,declining,stagnant,-0.10011552501444931,-0.01869379957722983,0.12150174531221816,volume declining / ntl flat
10,232,Buxar,0.035188209956325656,0.15329078691877912,growing,growing,0.03433279667857492,0.15192219694268627,0.11810257696245346,both growing
8,107,Karauli,0.06587538691345945,-0.051660114464221904,growing,declining,0.07383704337683383,-0.05159351178205818,0.11753550137768136,volume UP / ntl DOWN (opposite)
18,303,Barpeta,0.006040450738018071,0.11775017724001194,stagnant,growing,0.0003023520848259853,0.1311718225255114,0.11170972650199387,volume flat / ntl growing
10,207,Madhubani,0.03466996899015638,0.1448451600677327,growing,growing,0.04156935591250277,0.1419751748856135,0.11017519107757633,both growing
10,220,Vaishali,0.02766074747903692,0.13500752919778636,growing,growing,0.018540709161395386,0.13020111398711642,0.10734678171874944,both growing
10,205,Sheohar,0.03706979742285399,0.14414257864602734,growing,growing,0.037851874470453906,0.1451076730413723,0.10707278122317335,both growing
10,238,Jamui,0.06690075997443243,0.17194202006965553,growing,growing,0.0628068413759102,0.17703130438901327,0.1050412600952231,both growing
15,284,Champhai,0.0090192829450263,0.1129875405250371,stagnant,growing,0.014465904621367542,0.11878837589124047,0.1039682575800108,volume flat / ntl growing
12,256,Kurung Kumey,-0.10646492884565037,-0.0035778459553897136,declining,stagnant,-0.10052147602011241,-0.00556922158064177,0.10288708289026066,volume declining / ntl flat
1,9,Bandipore,-0.006218203780546956,0.095664090280551,stagnant,growing,-0.017113839979787215,0.10169398084392989,0.10188229406109796,volume flat / ntl growing
10,239,Jehanabad,0.03128995233646086,0.13178533454838787,growing,growing,0.02329319855263967,0.11496654712460308,0.100495382211927,both growing
12,259,Lohit,0.0354693267876104,0.13522658782683003,growing,growing,0.036360860558313,0.1493137031160161,0.09975726103921963,both growing
27,501,Akola,0.03625036907799758,0.1354284748018058,growing,growing,0.03549471487487099,0.1338450106611453,0.09917810572380822,both growing
18,310,Dibrugarh,0.02425639550078488,-0.07281067747396788,growing,declining,0.010954056840305704,-0.08490439562259033,0.09706707297475275,volume UP / ntl DOWN (opposite)
10,240,Arwal,0.04061827475515483,0.13585675661804913,growing,growing,0.026939200148070608,0.13977634019594554,0.0952384818628943,both growing
3,39,Shahid Bhagat Singh Nagar,0.03194139505914188,0.1259666711419598,growing,growing,0.02282611314920313,0.14671305064130302,0.09402527608281792,both growing
21,390,Kandhamal,0.04129681869998599,0.13491070544244507,growing,growing,0.04648927494876398,0.12455324216977504,0.09361388674245907,both growing
10,237,Nawada,0.02743210577451664,0.12054649295692532,growing,growing,0.02476727854123917,0.12402304305394818,0.09311438718240868,both growing
10,204,Purba Champaran,0.02213849498714171,0.11391751113814926,growing,growing,0.022491198005331725,0.11024848181040192,0.09177901615100754,both growing
24,477,Jamnagar,0.02764333595677606,-0.06275251134051284,growing,declining,0.017781234236007304,-0.06251077227839996,0.09039584729728889,volume UP / ntl DOWN (opposite)
18,309,Tinsukia,0.04410193349617244,-0.04507996726686366,growing,declining,0.034669448343158216,-0.05677201138266508,0.0891819007630361,volume UP / ntl DOWN (opposite)
8,108,Sawai Madhopur,0.054142486020946214,-0.032925143660793965,growing,declining,0.05174120715023678,-0.028257998357287928,0.08706762968174017,volume UP / ntl DOWN (opposite)
24,478,Porbandar,0.03029721994812333,0.11613467878236527,growing,growing,0.016238320182360377,0.12867511069771065,0.08583745883424194,both growing
8,128,Baran,0.048216126198877614,-0.03664140075508837,growing,declining,0.03458359273846079,-0.03413037722043166,0.08485752695396598,volume UP / ntl DOWN (opposite)
9,167,Lalitpur,0.04825868772228887,-0.03651257409911424,growing,declining,0.04122662967592272,-0.026840391692885324,0.0847712618214031,volume UP / ntl DOWN (opposite)
17,293,West Garo Hills,0.03909225228306828,-0.04542348128788763,growing,declining,0.0455350445128484,-0.018858689545825702,0.0845157335709559,volume UP / ntl DOWN (opposite)
9,187,Mahrajganj,0.015294394920146162,0.09902551141082477,stagnant,growing,0.01626647149247984,0.11324500724858666,0.08373111649067862,volume flat / ntl growing
9,183,Gonda,0.07526375400556298,-0.0079325427135826,growing,stagnant,0.07665143663321006,0.0014348142060254254,0.08319629671914558,volume growing / ntl flat
12,250,West Siang,-0.05597620436051683,0.026959483370813053,declining,growing,-0.048749455243476736,0.02459728162738628,0.0829356877313299,volume DOWN / ntl UP (opposite)
9,147,Firozabad,0.05950907078079344,-0.023248313044391834,growing,declining,0.05939086223792844,-0.00032506915653551793,0.08275738382518527,volume UP / ntl DOWN (opposite)
10,218,Siwan,0.01962829098993874,0.10188939970875753,stagnant,growing,0.015878545264524258,0.10673816536246461,0.08226110871881878,volume flat / ntl growing
8,129,Jhalawar,0.061588821587275557,-0.01983506679781484,growing,stagnant,0.04543882598373439,-0.028427965432625824,0.0814238883850904,volume growing / ntl flat
10,231,Bhojpur,0.012977288413640936,0.0935398175687672,stagnant,growing,0.007851501294522834,0.08781973343815053,0.08056252915512627,volume flat / ntl growing
32,592,Malappuram,0.04769674664932903,0.12710249221680098,growing,growing,0.05272691064366297,0.1478509202672964,0.07940574556747194,both growing
27,525,Osmanabad,0.038755361608227665,0.11677675975813898,growing,growing,0.03577916437077411,0.11142129030085646,0.07802139814991131,both growing
10,203,Pashchim Champaran,0.015529540470228545,0.0927793947720394,stagnant,growing,0.019877364333662717,0.08170874325720345,0.07724985430181086,volume flat / ntl growing
12,249,Upper Subansiri,-0.11942117268537632,-0.04234365699078438,declining,declining,-0.09537670379715368,-0.0401262261678349,0.07707751569459194,both declining
18,300,Kokrajhar,0.040646851662589197,-0.035665455641830185,growing,declining,0.040398059230994265,-0.029813027298237427,0.07631230730441937,volume UP / ntl DOWN (opposite)
10,215,Darbhanga,0.033755717290691746,0.10961533400501403,growing,growing,0.04668102545875197,0.10707068269324593,0.07585961671432229,both growing
8,106,Dhaulpur,0.06247940327384064,-0.012526610311342697,growing,stagnant,0.06653625944572839,-0.010459306935120538,0.07500601358518334,volume growing / ntl flat
18,319,Bongaigaon,0.017188139045753902,0.09181571011072984,stagnant,growing,0.00888989757245029,0.08971140981470582,0.07462757106497593,volume flat / ntl growing
18,315,Dima Hasao,0.02434863839480369,-0.049831964904113554,growing,declining,0.024646031985190886,-0.029233738627468253,0.07418060329891724,volume UP / ntl DOWN (opposite)
1,12,Pulwama,0.02054822036964263,0.0945298019981288,growing,growing,0.017633451993281035,0.09419826788846053,0.07398158162848617,both growing
9,136,Rampur,0.0528775589325364,-0.020580120274989365,growing,declining,0.05742210282352844,-0.006658455406241548,0.07345767920752577,volume UP / ntl DOWN (opposite)
21,378,Bhadrak,0.030436934729572172,0.10346582594137614,growing,growing,0.02986703260105572,0.09775166666039814,0.07302889121180398,both growing
22,413,Uttar Bastar Kanker,0.023448965112064554,0.09637717781556407,growing,growing,0.017210557029391227,0.09638609139504672,0.07292821270349951,both growing
9,190,Deoria,0.02223492064020295,0.09483378497577073,growing,growing,0.029543971716684325,0.097448965173065,0.07259886433556778,both growing
17,294,East Garo Hills,0.014303916636744964,-0.05773574310358007,stagnant,declining,0.004352182668502458,-0.03811609253729864,0.07203965974032503,volume flat / ntl declining
24,472,Sabar Kantha,0.041551418137647074,0.11194860320864958,growing,growing,0.02556201716691664,0.1258839699090364,0.07039718507100251,both growing
27,524,Latur,0.03398485213010895,0.10401863720957288,growing,growing,0.034580794893740885,0.10129198507470227,0.07003378507946394,both growing
9,189,Kushinagar,0.024207649110774897,0.09407904583923596,growing,growing,0.03035604318501539,0.09814367933019352,0.06987139672846106,both growing
33,611,The Nilgiris,0.024476375667990224,-0.04514220035858265,growing,declining,0.027251876443295853,-0.043919832431033035,0.06961857602657287,volume UP / ntl DOWN (opposite)
1,7,Kathua,0.06289105882872627,-0.006605060637427478,growing,stagnant,0.06264813976759798,-0.001290925383184538,0.06949611946615375,volume growing / ntl flat
27,529,Sindhudurg,0.02467623771150266,0.0938469106096901,growing,growing,0.024406700331376596,0.09323760151454041,0.06917067289818743,both growing
33,608,Salem,0.03319743931742183,-0.03486352550285214,growing,declining,0.032628039442729184,-0.021452712470256374,0.06806096482027396,volume UP / ntl DOWN (opposite)
27,508,Gadchiroli,0.030839985525760488,0.09842872910085933,growing,growing,0.016691585739404102,0.10749377292743811,0.06758874357509884,both growing
19,340,Puruliya,0.045964560939774066,-0.02158660369260372,growing,declining,0.03548721733202287,-0.01972522533517318,0.06755116463237779,volume UP / ntl DOWN (opposite)
9,135,Moradabad,0.05235811982118255,-0.013716987772600088,growing,stagnant,0.05771623109428514,-0.0006400722039004991,0.06607510759378263,volume growing / ntl flat
10,219,Saran,0.015716409209131154,0.08177562379322749,stagnant,growing,0.005709343039338899,0.08403450291684811,0.06605921458409633,volume flat / ntl growing
32,598,Alappuzha,0.02752658773477719,0.09357666931546531,growing,growing,0.03034033843466899,0.10598212364985593,0.06605008158068812,both growing
8,121,Bundi,0.047283851806940655,-0.018719696704084566,growing,stagnant,0.035368352614957965,-0.014443257131674603,0.06600354851102522,volume growing / ntl flat
20,350,Deoghar,0.06440112387290674,-0.001433519856464608,growing,stagnant,0.059646937607109374,0.00019794346871249147,0.06583464372937134,volume growing / ntl flat
20,354,Dhanbad,0.04809156655272742,-0.017627810303732862,growing,stagnant,0.03834135211879186,-0.01723632124345642,0.06571937685646029,volume growing / ntl flat
9,202,Kanshiram Nagar,0.05548340846032641,-0.010133401657097823,growing,stagnant,0.060189033799649794,0.0010239421695661388,0.06561681011742423,volume growing / ntl flat
10,227,Lakhisarai,0.05146167253928943,0.11702475446795363,growing,growing,0.04724076694859436,0.10980002595955884,0.0655630819286642,both growing
22,405,Janjgir - Champa,0.03529928738702597,-0.03019427349772628,growing,declining,0.02219762513493495,-0.02117185130953858,0.06549356088475225,volume UP / ntl DOWN (opposite)
9,160,Kannauj,0.051003984244858455,-0.013906084585360919,growing,stagnant,0.0560744076443922,-0.011993750786289725,0.06491006883021938,volume growing / ntl flat
21,382,Jajapur,0.044011501073715396,-0.020066400974299868,growing,declining,0.044859762554744886,-0.009870086315055038,0.06407790204801526,volume UP / ntl DOWN (opposite)
21,399,Malkangiri,0.04875483531694848,0.11271038425119059,growing,growing,0.050097595057230215,0.08959315580164762,0.06395554893424212,both growing
27,504,Wardha,0.0429460090184567,0.10675093452255498,growing,growing,0.028169852904653903,0.0940146396461452,0.06380492550409828,both growing
8,125,Banswara,0.05888507371343435,-0.004768750029673898,growing,stagnant,0.056065503756665525,-0.0038762227782226377,0.06365382374310825,volume growing / ntl flat
15,288,Saiha,0.00478488589203421,0.0683028448309411,stagnant,growing,0.012388616915836925,0.06637343573862875,0.06351795893890688,volume flat / ntl growing
34,634,Yanam,0.018788979452969173,-0.04441780464913492,stagnant,declining,0.013191119199772672,-0.020008516118447117,0.06320678410210409,volume flat / ntl declining
23,431,Umaria,0.04544052673493086,-0.01759710382346251,growing,stagnant,0.04074008394388118,-0.012572855840907282,0.06303763055839337,volume growing / ntl flat
20,363,Jamtara,0.045501103185378367,-0.01744386166585754,growing,stagnant,0.041208813351677254,-0.02201031873342052,0.06294496485123591,volume growing / ntl flat
20,349,Giridih,0.06142311287702108,-0.0011003504991286463,growing,stagnant,0.05408981318715633,-0.001378261667751124,0.06252346337614972,volume growing / ntl flat
32,600,Kollam,0.01657688238679583,0.07883541078231783,stagnant,growing,0.017077576850446974,0.08480792761671352,0.062258528395522,volume flat / ntl growing
34,635,Puducherry,0.028785967099515575,-0.03307615175501874,growing,declining,0.029815144170765695,-0.03266541305124859,0.06186211885453431,volume UP / ntl DOWN (opposite)
9,143,Aligarh,0.06954709046311001,0.007749717691044537,growing,stagnant,0.06228406499418049,0.017854293414531153,0.06179737277206548,volume growing / ntl flat
18,321,Kamrup,0.02191396098295514,0.08360743426093935,growing,growing,0.019249009444034515,0.08610011898552306,0.061693473277984204,both growing
10,221,Samastipur,0.051305078315618036,0.11230632987613297,growing,growing,0.05779575437183304,0.10527479620085689,0.06100125156051493,both growing
28,545,East Godavari,0.031039869519857256,-0.029182538726769472,growing,declining,0.02759306793913141,-0.029842472596939063,0.060222408246626724,volume UP / ntl DOWN (opposite)
32,590,Wayanad,0.047745641568419865,0.10773180157874791,growing,growing,0.05333203168304124,0.12283697111196501,0.05998616001032805,both growing
9,157,Lucknow,0.05234201966442861,-0.00730697815518407,growing,stagnant,0.04114446966156038,-0.003984013295262545,0.059648997819612685,volume growing / ntl flat
8,105,Bharatpur,0.05494799268042413,-0.004389741359440285,growing,stagnant,0.04509517669036622,-0.005661003264068265,0.059337734039864413,volume growing / ntl flat
19,330,Uttar Dinajpur,0.013898161381283374,0.07221624444676591,stagnant,growing,0.01928981916808814,0.0700588961558899,0.05831808306548254,volume flat / ntl growing
22,404,Korba,0.027202994825350043,-0.030994459748768126,growing,declining,0.018008149561661968,-0.027396759133518578,0.058197454574118165,volume UP / ntl DOWN (opposite)
21,384,Anugul,0.04153023938789137,-0.01638794754059853,growing,stagnant,0.03553115188197831,-0.01575399116427012,0.0579181869284899,volume growing / ntl flat
9,146,Agra,0.05016452363056548,-0.007106481243160065,growing,stagnant,0.049695638506639606,0.002292597488906978,0.057271004873725544,volume growing / ntl flat
26,496,Dadra & Nagar Haveli,0.038564190002851405,-0.018349259547540877,growing,stagnant,0.03207832730317706,-0.01943152470847853,0.05691344955039228,volume growing / ntl flat
23,428,Damoh,0.05160561160621858,-0.005026966261770193,growing,stagnant,0.05149952797691104,0.006007746484604226,0.05663257786798877,volume growing / ntl flat
23,419,Morena,0.055370400491699986,-0.0011886553836592923,growing,stagnant,0.05903026747751938,0.005042900626895497,0.05655905587535928,volume growing / ntl flat
10,234,Rohtas,0.030946670939660203,0.08745960340670998,growing,growing,0.01405516555420494,0.07784465407284435,0.056512932467049776,both growing
28,536,Hyderabad,0.012999674346134376,-0.04243789417068538,stagnant,declining,0.0077095957997055375,-0.03755821826834971,0.05543756851681975,volume flat / ntl declining
32,597,Kottayam,0.032106296085214286,0.08714659268410442,growing,growing,0.03045692778939224,0.09694870658108301,0.055040296598890134,both growing
8,126,Chittaurgarh,0.056864199241716595,0.001929381949521112,growing,stagnant,0.056386203406268764,0.003997265713371778,0.05493481729219548,volume growing / ntl flat
7,90,North West,0.027484549462232336,-0.027383825037662648,growing,declining,0.0249884017809634,-0.02548947043409855,0.054868374499894984,volume UP / ntl DOWN (opposite)
29,569,Udupi,0.0439938905293944,-0.010190988824031693,growing,stagnant,0.046005887549779745,0.0023577187917334097,0.05418487935342609,volume growing / ntl flat
25,495,Daman,0.02380605336190263,-0.030372835659220932,growing,declining,0.014813553990974393,-0.029387340476883184,0.05417888902112356,volume UP / ntl DOWN (opposite)
23,462,Sidhi,0.04514736536945525,-0.008969834085605003,growing,stagnant,0.038970989431601044,-0.005624048040049456,0.05411719945506026,volume growing / ntl flat
9,148,Mainpuri,0.0597066011066971,0.005631693154223292,growing,stagnant,0.06708782061586471,0.006404514211514778,0.05407490795247381,volume growing / ntl flat
20,355,Bokaro,0.03918931900552198,-0.01487688876628236,growing,stagnant,0.026919348973638124,-0.015343995175696623,0.05406620777180434,volume growing / ntl flat
9,134,Bijnor,0.045400776543488355,-0.00848254829942841,growing,stagnant,0.0452848524433318,0.00999068185690044,0.05388332484291677,volume growing / ntl flat
13,267,Tuensang,-0.008060758222680355,0.04576705007699904,stagnant,growing,-0.019038256213263494,0.05558567819146809,0.0538278082996794,volume flat / ntl growing
33,617,Cuddalore,0.026494244284805877,-0.02728889751949113,growing,declining,0.024929075743963303,-0.025591973362535825,0.05378314180429701,volume UP / ntl DOWN (opposite)
8,104,Alwar,0.050151625414225194,-0.0035818980462773414,growing,stagnant,0.04064352345859601,-0.006280675737814656,0.05373352346050254,volume growing / ntl flat
8,127,Kota,0.030646104369526594,-0.022945794914652356,growing,declining,0.01972450442556073,-0.016908622009291108,0.05359189928417895,volume UP / ntl DOWN (opposite)
21,385,Nayagarh,0.06235552617965268,0.11578242855701654,growing,growing,0.056649185585656125,0.10788696757107585,0.053426902377363854,both growing
23,464,Jhabua,0.06247875057591582,0.009190888139472551,growing,stagnant,0.051950449647882646,0.007118371792654177,0.05328786243644327,volume growing / ntl flat
9,194,Jaunpur,0.017989181645852875,0.07104156941812308,stagnant,growing,0.01202234048520845,0.08291216982474925,0.0530523877722702,volume flat / ntl growing
10,211,Purnia,0.03383007739686201,0.08667579118413568,growing,growing,0.03213151605157871,0.07382728656070658,0.05284571378727367,both growing
18,318,Hailakandi,0.024546802757343295,0.0770767555110341,growing,growing,0.03197696947180795,0.09741871175731087,0.05252995275369081,both growing
21,394,Nuapada,0.03948030034761473,0.09191102802232702,growing,growing,0.03132127389410133,0.07575840510655651,0.05243072767471229,both growing
3,50,Tarn Taran,0.05871533799370377,0.006343433514899516,growing,stagnant,0.04282192824456321,0.01459081323007183,0.05237190447880426,volume growing / ntl flat
9,149,Budaun,0.05411762319332889,0.0018315556008536038,growing,stagnant,0.06182786506586457,0.014350171856106764,0.05228606759247529,volume growing / ntl flat
9,133,Muzaffarnagar,0.02723820949223473,-0.02487419305162512,growing,declining,0.010647668749423245,-0.009452429423182696,0.05211240254385985,volume UP / ntl DOWN (opposite)
27,505,Nagpur,0.041131473684010295,-0.010733254753927194,growing,stagnant,0.03602112740032437,-0.004799267366664917,0.05186472843793749,volume growing / ntl flat
22,417,Bijapur,0.04517406123067085,-0.006638220887143486,growing,stagnant,0.037756831562235194,1.0893666294586879e-05,0.051812282117814336,volume growing / ntl flat
9,137,Jyotiba Phule Nagar,0.07053404373861481,0.01881871726752775,growing,stagnant,0.059796145961328984,0.027154097437257718,0.051715326471087064,volume growing / ntl flat
21,383,Dhenkanal,0.06674218228091923,0.015116572900826885,growing,stagnant,0.061780376340875076,0.02447551752101318,0.05162560938009234,volume growing / ntl flat
10,216,Muzaffarpur,0.03213254556400819,0.08368515667260489,growing,growing,0.030881567594276627,0.07549283555303643,0.05155261110859669,both growing
24,487,Narmada,0.038914736636520196,0.0897600816126312,growing,growing,0.023230798881471282,0.08477681880705612,0.050845344976111005,both growing
18,307,Lakhimpur,0.04381209516572694,0.09463408042503516,growing,growing,0.03997295765085562,0.09717131014179681,0.050821985259308214,both growing
1,19,Udhampur,0.05646677653461064,0.005828228959776236,growing,stagnant,0.058353036156833404,0.011235970779706506,0.0506385475748344,volume growing / ntl flat
22,403,Raigarh,0.03354640729281192,-0.016957417375883698,growing,stagnant,0.02322358197996577,-0.017415088365864362,0.050503824668695615,volume growing / ntl flat
8,123,Rajsamand,0.048216379499467416,-0.0021990104145993223,growing,stagnant,0.03525853137148793,-0.00021533615904911763,0.05041538991406674,volume growing / ntl flat
23,461,Anuppur,0.02550402565409575,-0.02483904364691746,growing,declining,0.025819306562321787,-0.015729351035761563,0.050343069301013205,volume UP / ntl DOWN (opposite)
9,198,Sant Ravidas Nagar (Bhadohi),0.027018974926818543,0.07728499765608131,growing,growing,0.020710280484094623,0.10424842535172907,0.05026602272926277,both growing
19,328,Jalpaiguri,0.017027790547365883,0.06693421137862206,stagnant,growing,0.010922051935182031,0.07659736059436018,0.049906420831256175,volume flat / ntl growing
18,324,Baksa,0.02357696197963652,0.07345618299812336,growing,growing,0.021751459293487763,0.0882805304196268,0.04987922101848684,both growing
21,379,Kendrapara,0.042363378613652414,0.09204353103179091,growing,growing,0.039909148170584,0.0926314428391013,0.0496801524181385,both growing
27,500,Buldana,0.043206827074011925,0.09253003674619288,growing,growing,0.038613350977656724,0.09018418399153694,0.04932320967218096,both growing
22,412,Dhamtari,0.021596697049390958,0.0704022068351844,growing,growing,0.015115713401119502,0.07579238876910188,0.04880550978579344,both growing
19,331,Dakshin Dinajpur,-0.0033441206678259316,0.04518299033577469,stagnant,growing,0.00290886475685892,0.04826033310413402,0.048527111003600625,volume flat / ntl growing
9,175,Allahabad,0.039846281991403734,-0.008182633748029283,growing,stagnant,0.030578037948948644,-0.0044060151055326235,0.04802891573943302,volume growing / ntl flat
32,589,Kannur,0.04068422311518235,0.08845677792547137,growing,growing,0.04210407577875963,0.08778788727655784,0.04777255481028902,both growing
13,263,Zunheboto,-0.007454999840505158,0.040316003675890506,stagnant,growing,-0.01635775071486756,0.034135483435874914,0.04777100351639566,volume flat / ntl growing
10,226,Munger,0.044540840387826346,0.09211169837478092,growing,growing,0.04164213145400808,0.08952446491654165,0.047570857986954575,both growing
24,470,Patan,0.034714537975984325,0.08193845550103714,growing,growing,0.025731424649232393,0.08015706997834093,0.04722391752505281,both growing
32,601,Thiruvananthapuram,0.019212135729674867,0.06627766363496113,stagnant,growing,0.01887825027397283,0.06970792389027802,0.04706552790528626,volume flat / ntl growing
18,322,Kamrup Metropolitan,0.00952864660414236,0.05633848833798941,stagnant,growing,-0.0009950786825062563,0.06252933566658259,0.04680984173384706,volume flat / ntl growing
10,236,Gaya,0.032388893455556504,0.07912495052056387,growing,growing,0.02521878174994807,0.06609608679026868,0.046736057065007365,both growing
9,144,Mahamaya Nagar,0.06462420960065504,0.017931413628887005,growing,stagnant,0.06296770128304341,0.029046919553167516,0.046692795971768036,volume growing / ntl flat
12,251,East Siang,0.02900360894928137,0.07549543597675261,growing,growing,0.021733939926936507,0.07848667488331573,0.04649182702747124,both growing
5,64,Almora,0.014194917700087788,-0.032078563977856814,stagnant,declining,0.02290981972869699,-0.022177579564846006,0.0462734816779446,volume flat / ntl declining
23,466,Khandwa (East Nimar),0.04304218653423487,-0.0032245389025956092,growing,stagnant,0.03724066304108886,-0.007030409617162503,0.046266725436830476,volume growing / ntl flat
9,180,Bahraich,0.06690099809567228,0.02132683612590911,growing,growing,0.0673001521953367,0.02478915829658046,0.04557416196976317,both growing
23,420,Bhind,0.054852859990700234,0.009308520591620508,growing,stagnant,0.05917725878635016,0.015936485359645314,0.045544339399079724,volume growing / ntl flat
10,208,Supaul,0.01959023520325531,0.06467008825178126,stagnant,growing,0.024348474923746144,0.05155819220173696,0.04507985304852595,volume flat / ntl growing
33,619,Thiruvarur,0.041546257270904635,-0.0035079897411702176,growing,stagnant,0.04849068660123379,-0.025216832266345524,0.045054247012074854,volume growing / ntl flat
7,92,North East,0.016595299454638498,-0.028173739489362425,stagnant,declining,0.0096524843599739,-0.019937998729250506,0.04476903894400092,volume flat / ntl declining
9,171,Chitrakoot,0.04138365571506748,-0.0033767693694432225,growing,stagnant,0.026327663039223292,0.008327614703323105,0.044760425084510704,volume growing / ntl flat
24,473,Gandhinagar,0.040163370738321734,0.08489744997910575,growing,growing,0.029015070822441702,0.09161931738062834,0.04473407924078402,both growing
9,181,Shrawasti,0.07512568777129364,0.030428107571189873,growing,growing,0.08092647812787179,0.031906136901517,0.04469758020010377,both growing
29,572,Bangalore,0.04223408778607661,-0.0020153995292229512,growing,stagnant,0.04777141848935673,0.00450211196102801,0.04424948731529956,volume growing / ntl flat
24,482,Anand,0.020192366978859788,0.06441857193727088,growing,growing,0.008650467219347036,0.07584144059535802,0.04422620495841109,both growing
9,168,Hamirpur,0.03832793635188611,-0.005880996795199956,growing,stagnant,0.03063183722029761,0.01259152101451555,0.044208933147086064,volume growing / ntl flat
17,299,Jaintia Hills,0.031008761707567604,-0.012974263947911327,growing,stagnant,0.02285172259387891,-0.001470725074734558,0.04398302565547893,volume growing / ntl flat
28,537,Rangareddy,0.06239613612719084,0.01858547320776679,growing,stagnant,0.05925978667663845,0.020918058195256606,0.04381066291942405,volume growing / ntl flat
10,222,Begusarai,0.058526598017956566,0.10219526725634005,growing,growing,0.061713779818874936,0.11150632431438345,0.04366866923838349,both growing
18,320,Chirang,0.035232276310067145,0.07879177449777809,growing,growing,0.0304053199233556,0.053277493566704415,0.043559498187710946,both growing
9,184,Siddharthnagar,0.04643373852518609,0.08998360413755857,growing,growing,0.04847918954410102,0.10406359692956046,0.04354986561237248,both growing
23,418,Sheopur,0.04847523655314913,0.005145092121201454,growing,stagnant,0.04151618111272737,0.004268066164255124,0.04333014443194767,volume growing / ntl flat
32,591,Kozhikode,0.041802667092960995,0.08478237673008378,growing,growing,0.047950296624804656,0.10270861808948162,0.04297970963712278,both growing
17,296,West Khasi Hills,0.01708158822865363,-0.025768023092859634,stagnant,declining,0.011043485746530246,-0.025640448587123,0.04284961132151326,volume flat / ntl declining
10,230,Patna,0.038398008001475366,0.08106160328591955,growing,growing,0.03328982808060843,0.07006240316153334,0.04266359528444418,both growing
5,61,Garhwal,0.02142946195063537,0.06407752101095587,growing,growing,0.026564519971103984,0.0721624659102389,0.0426480590603205,both growing
14,280,Chandel,0.037670637511485354,-0.004673535630668971,growing,stagnant,0.034487189483282776,-0.0026933396685833166,0.04234417314215433,volume growing / ntl flat
22,400,Koriya,0.028602514529389937,-0.013489069469984934,growing,stagnant,0.02278313445341551,-0.005587431790816222,0.04209158399937487,volume growing / ntl flat
21,393,Balangir,0.050479605084917535,0.008771033765068659,growing,stagnant,0.039271686497035274,0.005051106528613625,0.041708571319848876,volume growing / ntl flat
27,506,Bhandara,0.03367362445559104,0.07497451166914802,growing,growing,0.026097926692091322,0.07249941308794927,0.04130088721355698,both growing
33,616,Ariyalur,0.026646094915879957,0.06794031879189923,growing,growing,0.03050508670814378,0.061498233437046634,0.04129422387601927,both growing
10,229,Nalanda,0.03216497464021706,0.07338625747274695,growing,growing,0.030645409947355873,0.0638309158166861,0.04122128283252989,both growing
23,458,Guna,0.04592340672369089,0.005054441571331163,growing,stagnant,0.04561156010612666,-0.0022247978342140318,0.04086896515235973,volume growing / ntl flat
18,325,Darrang,0.0050447413802069485,0.04521899716152601,stagnant,growing,0.00306883120424728,0.047980448281915056,0.040174255781319064,volume flat / ntl growing
17,298,East Khasi Hills,0.020686703705769565,-0.01928972793080943,growing,stagnant,0.014836965300366822,-0.009174735861523398,0.03997643163657899,volume growing / ntl flat
8,122,Bhilwara,0.058832547405722635,0.01902950907122168,growing,stagnant,0.05300190214983491,0.02384975413576007,0.039803038334500954,volume growing / ntl flat
2,29,Una,0.033530498386285884,0.07322478128572778,growing,growing,0.025404485182951797,0.06828728465846234,0.03969428289944189,both growing
20,351,Godda,0.05330182863091071,0.09258019241599272,growing,growing,0.05336533634948526,0.08330132001366208,0.03927836378508201,both growing
18,312,Jorhat,0.02654248583686338,0.06580158245353437,growing,growing,0.013527153289648375,0.07048475267021836,0.039259096616671,both growing
7,91,North,0.017953508258169163,-0.021220029213461892,stagnant,declining,0.013672953676340693,-0.017876994353083764,0.039173537471631055,volume flat / ntl declining
10,233,Kaimur (Bhabua),0.03881888143416761,0.07782647701068682,growing,growing,0.02765024467998911,0.06755406814171949,0.039007595576519206,both growing
8,109,Dausa,0.05892611344136091,0.020042201208796465,growing,growing,0.05948654653065666,0.021847164040330824,0.038883912232564447,both growing
1,20,Reasi,0.041746373228358044,0.0029406682995359867,growing,stagnant,0.04532076488075609,0.016956541743261555,0.03880570492882206,volume growing / ntl flat
1,10,Srinagar,0.027418984366471732,0.06616499471361532,growing,growing,0.015629444811485982,0.07431046843054112,0.03874601034714359,both growing
27,527,Satara,0.021776864939390305,0.060428419568935375,growing,growing,0.016524565591638396,0.04912781783506803,0.038651554629545073,both growing
7,96,West,0.014384402974587488,-0.02424087686853809,stagnant,declining,0.00765552317514695,-0.02274656699991684,0.03862527984312558,volume flat / ntl declining
21,370,Bargarh,0.043939537250808465,0.005350996201002865,growing,stagnant,0.034940418822798636,0.009983246774512455,0.0385885410498056,volume growing / ntl flat
29,575,Dakshina Kannada,0.0361790618609309,-0.002341595546093431,growing,stagnant,0.03919817517855062,-0.0011222469605548513,0.03852065740702433,volume growing / ntl flat
23,423,Shivpuri,0.0544011161802867,0.015925387269621356,growing,stagnant,0.05470626832609837,0.016433242027679817,0.03847572891066535,volume growing / ntl flat
27,520,Raigarh,0.035119678151262296,0.07331988473446416,growing,growing,0.03198905761260851,0.07013701646603221,0.03820020658320186,both growing
20,357,Purbi Singhbhum,0.030673569308117776,-0.007386729270845091,growing,stagnant,0.026616416638314044,-0.008135473913121638,0.03806029857896287,volume growing / ntl flat
6,88,Faridabad,0.04342208251846222,0.005431661087770685,growing,stagnant,0.037501866135996265,0.0040754122055255415,0.037990421430691534,volume growing / ntl flat
20,361,Ramgarh,0.03511499449260665,-0.0026853394105762975,growing,stagnant,0.01903122467862839,-0.00017763741340948158,0.03780033390318295,volume growing / ntl flat
23,436,Shajapur,0.06587644377409729,0.02829040185534076,growing,growing,0.05725493509133006,0.02435657125513435,0.03758604191875653,both growing
1,2,Badgam,0.014468816525050408,0.052041269811520824,stagnant,growing,0.005942004976824622,0.060573796522164436,0.037572453286470416,volume flat / ntl growing
23,459,Ashoknagar,0.046936038169126365,0.009476422238415813,growing,stagnant,0.04756938432307667,0.018156272751933766,0.03745961593071055,volume growing / ntl flat
9,154,Sitapur,0.04793391708223235,0.08539111333160136,growing,growing,0.049813852242514,0.0961288055076257,0.03745719624936901,both growing
9,178,Ambedkar Nagar,0.03433156047985474,-0.0030604873977732303,growing,stagnant,0.03686423431153507,0.006473215985601355,0.037392047877627975,volume growing / ntl flat
2,26,Kullu,-0.055774929265400904,-0.018494551545189485,declining,stagnant,-0.04475716893410797,-0.01019344008580525,0.03728037772021142,volume declining / ntl flat
6,73,Kaithal,0.033847745679746896,-0.003367378950470736,growing,stagnant,0.026582057903583367,-0.009659210362169435,0.03721512463021763,volume growing / ntl flat
24,471,Mahesana,0.03779729890832656,0.07498955506165395,growing,growing,0.022442707488810498,0.07733501203540949,0.037192256153327385,both growing
27,507,Gondiya,0.03524242288655752,-0.0018828589100693485,growing,stagnant,0.027588255818895346,0.0011637755226039381,0.037125281796626865,volume growing / ntl flat
21,372,Sambalpur,0.0288888035473624,-0.008189887057903354,growing,stagnant,0.022504499242443465,-0.0029255241890511208,0.03707869060526575,volume growing / ntl flat
23,422,Datia,0.04610489371976572,0.009252486626354618,growing,stagnant,0.04231657552966661,0.02142371529558562,0.0368524070934111,volume growing / ntl flat
10,214,Saharsa,0.042033668755685594,0.005688173018587975,growing,stagnant,0.034819161624974226,0.009596051246649973,0.03634549573709762,volume growing / ntl flat
24,475,Surendranagar,0.03657578742966308,0.07278045597990358,growing,growing,0.02700764164631586,0.08221608103082434,0.0362046685502405,both growing
18,316,Cachar,0.024963672649927597,0.06095514402293289,growing,growing,0.03068693008513801,0.06386334412954331,0.03599147137300529,both growing
21,386,Khordha,0.05727102830476049,0.021328020975491323,growing,growing,0.05770311340102463,0.01912728137697095,0.035943007329269167,both growing
33,628,Tirunelveli,0.039863671226347076,0.003936632326807611,growing,stagnant,0.039887499872375276,-0.0033842179245389126,0.035927038899539465,volume growing / ntl flat
9,173,Pratapgarh,0.029945687865080638,0.06579130540261076,growing,growing,0.019087698486912386,0.06868966013048405,0.03584561753753012,both growing
9,142,Bulandshahr,0.06324702097440159,0.02753187305484269,growing,growing,0.053352843908309966,0.03887011820268249,0.0357151479195589,both growing
33,605,Vellore,0.034156695664530806,-0.0012336568733697672,growing,stagnant,0.03521531035437686,-0.0028350733814697104,0.03539035253790057,volume growing / ntl flat
8,113,Jodhpur,0.05215467540122787,0.017277749271113026,growing,stagnant,0.041143237692998325,0.013621568831555964,0.03487692613011484,volume growing / ntl flat
20,367,Simdega,0.03365860099437806,0.06826979614896642,growing,growing,0.031084385113713253,0.06323278262508669,0.03461119515458835,both growing
21,388,Ganjam,0.05822678715381533,0.023660226717690497,growing,growing,0.05605506485449396,0.026474621851544144,0.034566560436124834,both growing
9,192,Mau,0.03204896158053855,-0.002495376961914385,growing,stagnant,0.037401930738789835,0.002723523175073961,0.03454433854245293,volume growing / ntl flat
14,273,Tamenglong,0.012668554058067624,-0.021833326817422272,stagnant,declining,0.018751554377760993,-0.03822803365499472,0.034501880875489895,volume flat / ntl declining
23,447,Betul,0.04115719483710815,0.006685537719529685,growing,stagnant,0.03755353236540371,0.008107343252661492,0.034471657117578464,volume growing / ntl flat
7,93,East,0.006292923245579617,-0.028050417248104177,stagnant,declining,0.00026722179628491105,-0.024976163907232563,0.034343340493683795,volume flat / ntl declining
29,564,Haveri,0.016306894751450626,0.050642665095279746,stagnant,growing,0.013473843882737757,0.05375789141485465,0.03433577034382912,volume flat / ntl growing
13,266,Phek,0.004985975863030886,-0.02887517364195317,stagnant,declining,0.006832280844217387,-0.020262410150253762,0.033861149504984055,volume flat / ntl declining
19,333,Murshidabad,0.05103160679422918,0.01725212289139797,growing,stagnant,0.05863013320617405,0.023813971718389393,0.03377948390283121,volume growing / ntl flat
13,264,Wokha,0.008461680393153802,0.04208307176858182,stagnant,growing,0.002932288855045151,0.028469495027610536,0.03362139137542802,volume flat / ntl growing
15,285,Serchhip,0.025613587754819787,0.05896671237621382,growing,growing,0.03675007597269242,0.07557357521166774,0.03335312462139403,both growing
9,159,Farrukhabad,0.05454064220812171,0.02119472513487652,growing,growing,0.05601895706004445,0.03372905395957204,0.03334591707324519,both growing
8,114,Jaisalmer,0.049154208712677366,0.08249369831865033,growing,growing,0.04186676331849837,0.09236677379863112,0.033339489605972966,both growing
1,17,Ramban,0.053394908338578864,0.020217122451545055,growing,growing,0.05858644060040663,0.04570056082065177,0.03317778588703381,both growing
13,262,Mokokchung,-0.0032234848905182854,0.029652162782558517,stagnant,growing,-0.014438231632150522,0.030021331324107114,0.032875647673076804,volume flat / ntl growing
27,510,Yavatmal,0.04002268747213109,0.07289276411158274,growing,growing,0.030111656779599594,0.06579072711650769,0.03287007663945165,both growing
34,636,Mahe,0.013772792480853623,0.04661959349378873,stagnant,growing,0.014098006445344646,0.056169127797424556,0.032846801012935106,volume flat / ntl growing
9,200,Sonbhadra,0.038887041175928574,0.00632186577731496,growing,stagnant,0.032894762693336466,0.007491062677253524,0.032565175398613616,volume growing / ntl flat
19,343,South Twenty Four Parganas,0.029161508782892382,-0.0031130242922312746,growing,stagnant,0.022324565300008592,0.00040733706601825403,0.03227453307512366,volume growing / ntl flat
9,138,Meerut,0.029748843627436312,-0.0024995551760097134,growing,stagnant,0.017209940080703978,0.004247455368812103,0.03224839880344602,volume growing / ntl flat
10,224,Bhagalpur,0.03741042175633209,0.06943188546945767,growing,growing,0.03747242228440362,0.057561832012350767,0.03202146371312557,both growing
32,599,Pathanamthitta,0.022747488387005726,0.05474442084126631,growing,growing,0.02196221862887615,0.0591313408652312,0.03199693245426058,both growing
12,258,Lower Dibang Valley,0.026639051582419554,0.05851545466209142,growing,growing,0.019516871291872517,0.08298490278676618,0.031876403079671864,both growing
9,150,Bareilly,0.053670746988349005,0.021924669126748276,growing,growing,0.05761706920107468,0.033261776591971826,0.03174607786160073,both growing
23,465,Alirajpur,0.062355270208592474,0.030659074644346213,growing,growing,0.05741697377827548,0.025449242153453788,0.03169619556424626,both growing
7,98,South,0.007728667995545745,-0.023934480902080765,stagnant,declining,0.002797564309580114,-0.020599051837331017,0.03166314889762651,volume flat / ntl declining
24,490,Navsari,0.03418325516303928,0.06570087990407922,growing,growing,0.02323639403464961,0.06547347226037403,0.03151762474103994,both growing
28,543,Vizianagaram,0.03357671435094975,0.06505670510495991,growing,growing,0.03284463509163782,0.07837709311864871,0.03147999075401016,both growing
1,22,Samba,0.04336571872949925,0.011983226483185418,growing,stagnant,0.039543251481467756,0.013162972603517398,0.03138249224631383,volume growing / ntl flat
27,528,Ratnagiri,0.018716369249082376,0.04976790546145071,stagnant,growing,0.016850845036843864,0.0462930279917122,0.031051536212368336,volume flat / ntl growing
2,33,Shimla,0.021816656927387372,0.05281005016394384,growing,growing,0.022766275042152007,0.07142314931637728,0.03099339323655647,both growing
12,247,East Kameng,-0.018712568517902987,0.01225646885411166,stagnant,stagnant,-0.01703972086925043,0.0016650639012172341,0.030969037372014646,both stagnant
9,166,Jhansi,0.037670613179099366,0.006766571920598116,growing,stagnant,0.027350380745690517,0.016432784349164953,0.03090404125850125,volume growing / ntl flat
9,193,Ballia,0.02159494917666156,0.05249360598091075,growing,growing,0.020552813909372247,0.05891501991115766,0.030898656804249188,both growing
32,594,Thrissur,0.026017142299973806,0.05687654183416623,growing,growing,0.027725157123070998,0.060060356450859054,0.030859399534192426,both growing
5,66,Nainital,0.05043248606602555,0.0196611227045102,growing,stagnant,0.0572303871142561,0.038186301167647985,0.030771363361515352,volume growing / ntl flat
23,427,Sagar,0.052665352661523696,0.02213248144245254,growing,growing,0.03897269710886597,0.029343411304937117,0.030532871219071157,both growing
23,421,Gwalior,0.05251818750427465,0.022260410446864422,growing,growing,0.05298510229783737,0.027072619312006996,0.03025777705741023,both growing
24,481,Bhavnagar,0.018484892999656825,0.04868092325662499,stagnant,growing,0.006948739470456378,0.05473689588936148,0.030196030256968168,volume flat / ntl growing
9,152,Shahjahanpur,0.04877351967148271,0.018812814481253732,growing,stagnant,0.043576710528304696,0.02930206021067483,0.02996070519022898,volume growing / ntl flat
28,535,Medak,0.0525848443789003,0.0824995919344534,growing,growing,0.050890552524580634,0.08583384235499047,0.029914747555553102,both growing
23,456,Seoni,0.036189443768741475,0.006794807700451344,growing,stagnant,0.027261070786786856,0.009898059847791574,0.029394636068290132,volume growing / ntl flat
10,223,Khagaria,0.052011693532692416,0.08136334556829354,growing,growing,0.05332763523035022,0.08747390834382585,0.029351652035601125,both growing
28,550,Sri Potti Sriramulu Nellore,0.030840803610308335,0.0016558235014648226,growing,stagnant,0.02641593585721913,0.006049144285577679,0.029184980108843513,volume growing / ntl flat
27,499,Jalgaon,0.045245958276152534,0.0742095605031025,growing,growing,0.029668109966034084,0.06985943274751172,0.028963602226949964,both growing
21,397,Nabarangapur,0.04460353936113804,0.07354930460085105,growing,growing,0.0407989189850928,0.06118534238443796,0.028945765239713005,both growing
24,469,Banas Kantha,0.05577137115293205,0.08454081873503796,growing,growing,0.045721007215003606,0.09936559728331384,0.028769447582105916,both growing
23,455,Chhindwara,0.049497120399631805,0.02079267594858885,growing,growing,0.048654842391162134,0.02666346082021187,0.028704444451042956,both growing
23,460,Shahdol,0.03926369353547207,0.01061212544775214,growing,stagnant,0.036684595605283477,0.018829694144876008,0.02865156808771993,volume growing / ntl flat
9,185,Basti,0.038633618151242305,0.009987479072354616,growing,stagnant,0.03855735595105836,0.015715912886251626,0.02864613907888769,volume growing / ntl flat
33,621,Pudukkottai,0.036689893946507623,0.06528825916737929,growing,growing,0.03752292175841876,0.05393118111723849,0.02859836522087167,both growing
9,165,Jalaun,0.05018041749003348,0.021637019887962804,growing,growing,0.045029393728459155,0.025755493870577295,0.028543397602070673,both growing
3,47,Mansa,0.059061622154306215,0.03054540579480158,growing,growing,0.04423922850054818,0.03527415041254245,0.028516216359504635,both growing
13,271,Peren,0.020629512998615193,-0.00786884647217336,growing,stagnant,0.020148447682669213,-0.020587044840514435,0.028498359470788555,volume growing / ntl flat
10,212,Katihar,0.028651208541492633,0.057080635086045765,growing,growing,0.02773953088816694,0.04897941111498949,0.028429426544553132,both growing
5,67,Udham Singh Nagar,0.05160387353977446,0.02332001385417233,growing,growing,0.05248706227240474,0.03173525276003741,0.028283859685602132,both growing
6,82,Rohtak,0.02565871403186147,0.0538938031305882,growing,growing,0.017146744872855946,0.05201212463758509,0.028235089098726726,both growing
23,435,Ujjain,0.05063955685604462,0.022462433938735392,growing,growing,0.04397800538635632,0.028020659707581386,0.028177122917309227,both growing
8,100,Hanumangarh,0.055079801367205874,0.08307251526802908,growing,growing,0.051723465155265824,0.1027620163372065,0.02799271390082321,both growing
28,538,Mahbubnagar,0.04228355867320629,0.07017413682764011,growing,growing,0.03654558187591528,0.0748405275956201,0.02789057815443382,both growing
20,365,Khunti,0.054835111272608345,0.0827184203522987,growing,growing,0.050001363566197776,0.09939623921427265,0.02788330907969036,both growing
23,463,Singrauli,0.03344008995955624,0.005656557391829046,growing,stagnant,0.027187245251736103,0.01000161896845353,0.02778353256772719,volume growing / ntl flat
22,414,Bastar,0.03818982473158884,0.01051916637114583,growing,stagnant,0.034218830882835505,0.007273487036466797,0.027670658360443013,volume growing / ntl flat
20,359,Latehar,0.03705470681241747,0.06469594478818413,growing,growing,0.03255268455230986,0.07976398208552449,0.02764123797576666,both growing
9,141,Gautam Buddha Nagar,0.04049286507355543,0.012882210110996434,growing,stagnant,0.03495175818258067,0.014535059552131413,0.027610654962558996,volume growing / ntl flat
1,13,Shupiyan,0.01302535965950937,0.04050508696895833,stagnant,growing,0.012186646194536799,0.036404672741410904,0.027479727309448962,volume flat / ntl growing
19,329,Koch Bihar,0.006489071924135867,0.03377000044440323,stagnant,growing,0.004263206527642449,0.033879050866141736,0.027280928520267363,volume flat / ntl growing
21,387,Puri,0.04433418971201427,0.01744977306323162,growing,stagnant,0.040670292684622966,0.018382847633096056,0.02688441664878265,volume growing / ntl flat
19,327,Darjiling,0.013747777282736993,0.04025784774093269,stagnant,growing,0.010112010798735582,0.049068092708043354,0.026510070458195697,volume flat / ntl growing
7,95,Central,0.0013534148981823786,-0.025154217038491775,stagnant,declining,-0.004398263169580474,-0.020705413189396338,0.026507631936674155,volume flat / ntl declining
1,6,Rajouri,0.028856616823094327,0.002351999571022662,growing,stagnant,0.023272564090343728,0.010177264860933066,0.026504617252071663,volume growing / ntl flat
29,577,Mysore,0.03730012105066143,0.010980451075476322,growing,stagnant,0.03664175230347544,0.014494409098727123,0.02631966997518511,volume growing / ntl flat
3,44,Muktsar,0.06003999068743275,0.034033038296257936,growing,growing,0.04285645801006854,0.0312666088819773,0.026006952391174815,both growing
22,406,Bilaspur,0.026670497529506638,0.0008717856742850866,growing,stagnant,0.02700267935141487,0.0022983679885413277,0.025798711855221552,volume growing / ntl flat
28,533,Nizamabad,0.037552291344988956,0.0633428757773297,growing,growing,0.033726938807070006,0.06301068362503437,0.025790584432340738,both growing
24,484,Panch Mahals,0.04465541187587084,0.070392255624422,growing,growing,0.02970463089585218,0.07087114901430569,0.02573684374855116,both growing
28,534,Karimnagar,0.03985426738171633,0.06555763282276439,growing,growing,0.02711815959912478,0.07506322662517273,0.025703365441048058,both growing
29,568,Shimoga,0.03525136205270033,0.009561496581484152,growing,stagnant,0.039120298557939304,0.012050965297576877,0.02568986547121618,volume growing / ntl flat
18,308,Dhemaji,0.0415599011186981,0.06723173561940213,growing,growing,0.032731166546408286,0.08608491119429873,0.025671834500704024,both growing
18,313,Golaghat,0.026580471507469845,0.05214954095755364,growing,growing,0.022288165065522003,0.03873920000224551,0.025569069450083796,both growing
28,549,Prakasam,0.026033068506172995,0.05138415299711769,growing,growing,0.020923971223979043,0.055560032089448264,0.025351084490944694,both growing
6,69,Panchkula,0.03825908550181265,0.013485327124536638,growing,stagnant,0.024816273707645164,0.02067596138941008,0.024773758377276016,volume growing / ntl flat
20,348,Kodarma,0.04202445548733225,0.017352071867972187,growing,stagnant,0.028116743211287876,0.0133354923120943,0.024672383619360066,volume growing / ntl flat
33,603,Chennai,0.00044468340341375447,0.02497395296844159,stagnant,growing,0.005059406645538278,0.031028837404765586,0.024529269565027836,volume flat / ntl growing
9,145,Mathura,0.057118397892473034,0.03270549394966187,growing,growing,0.04810910428819293,0.04260661660343246,0.024412903942811162,both growing
24,491,Valsad,0.047581076484676466,0.07185825825434049,growing,growing,0.03734353365998366,0.07049493582237121,0.024277181769664022,both growing
9,186,Sant Kabir Nagar,0.030741020195694052,0.006474091858778824,growing,stagnant,0.03385976143810865,0.01484372346886409,0.02426692833691523,volume growing / ntl flat
23,432,Neemuch,0.04943961283897748,0.025271096556569006,growing,growing,0.043168452916451994,0.023656724924659978,0.024168516282408473,both growing
15,283,Aizawl,0.02660882390367709,0.002652729943619946,growing,stagnant,0.028046064330512488,-0.00033454521374887136,0.023956093960057146,volume growing / ntl flat
2,28,Hamirpur,0.04582667383693294,0.02187347308628844,growing,growing,0.04844599144460915,0.03907923114399714,0.0239532007506445,both growing
3,43,Firozpur,0.056889361464601815,0.03318121995317246,growing,growing,0.041492083643639655,0.03474214163435696,0.023708141511429352,both growing
27,517,Thane,0.03841731869064833,0.014797499893078443,growing,stagnant,0.03407960456571235,0.011847466688699848,0.023619818797569886,volume growing / ntl flat
9,170,Banda,0.020279534034919403,-0.0032859860096213184,growing,stagnant,0.002575231178675974,0.005799285110472896,0.02356552004454072,volume growing / ntl flat
8,116,Jalor,0.0574047470270014,0.03387614048352608,growing,growing,0.049478730724622944,0.04068234133862059,0.02352860654347532,both growing
24,474,Ahmadabad,0.037752233034428886,0.061253379036288705,growing,growing,0.03199940668669843,0.06339070360236465,0.02350114600185982,both growing
24,468,Kachchh,0.03159795355881825,0.05498648279128131,growing,growing,0.023962567334888885,0.05350368970219521,0.02338852923246306,both growing
27,526,Solapur,0.03587964730184649,0.012533086090029625,growing,stagnant,0.03350403389152423,0.012438678456162089,0.023346561211816868,volume growing / ntl flat
1,8,Baramula,0.005841776664810999,0.02904648949774231,stagnant,growing,-0.0007374870120322452,0.03813466908223995,0.023204712832931313,volume flat / ntl growing
29,562,Dharwad,0.026570370331179108,0.04971818150774199,growing,growing,0.026756674882027154,0.05457797125034247,0.02314781117656288,both growing
35,640,South Andaman,0.04538627876532378,0.02224625873836242,growing,growing,0.046977263764391264,0.008317939530246399,0.023140020026961357,both growing
20,364,Ranchi,0.045401934716273136,0.02232080762018122,growing,growing,0.037527268279717196,0.0222604155966879,0.023081127096091916,both growing
28,539,Nalgonda,0.04144974617545516,0.06452095331194656,growing,growing,0.034109990996227246,0.0698469262849366,0.023071207136491398,both growing
9,169,Mahoba,0.03893175226819438,0.015974271936809854,growing,stagnant,0.03258697270239641,0.03149178193239277,0.02295748033138453,volume growing / ntl flat
13,268,Longleng,0.001643587612364379,0.02459097577284567,stagnant,growing,-0.012364622760762778,0.02826414923998133,0.02294738816048129,volume flat / ntl growing
23,434,Ratlam,0.05012322922133134,0.027318566331506082,growing,growing,0.041546475926799165,0.022592540050372145,0.02280466288982526,both growing
24,483,Kheda,0.0373277514085588,0.05963624186983018,growing,growing,0.02541059290516734,0.06517033842911557,0.022308490461271382,both growing
34,637,Karaikal,0.027958332706746785,0.00580504859660032,growing,stagnant,0.03135625344724646,0.004865253660382596,0.022153284110146464,volume growing / ntl flat
23,429,Satna,0.04087810016372288,0.06257118493456254,growing,growing,0.03350460451735615,0.06712772952112611,0.021693084770839657,both growing
14,275,Bishnupur,0.03163721508031204,0.05330712344585751,growing,growing,0.029882237166134917,0.05790997331681602,0.02166990836554547,both growing
27,502,Washim,0.04688010672239188,0.06852144928807884,growing,growing,0.046188310504261754,0.07573481668841286,0.021641342565686957,both growing
9,164,Kanpur Nagar,0.0525645579870722,0.030997873671414114,growing,growing,0.05442288194139566,0.028071151713996878,0.021566684315658086,both growing
8,119,Ajmer,0.0495192686824392,0.028013920680707047,growing,growing,0.03495765410073437,0.03251335820215995,0.021505348001732153,both growing
28,532,Adilabad,0.04365831839587434,0.06514574804929514,growing,growing,0.03273327299447337,0.0645405351223931,0.0214874296534208,both growing
18,326,Udalguri,0.01368307103297577,0.035053535511879966,stagnant,growing,0.013083998995542023,0.042436034702885816,0.021370464478904196,volume flat / ntl growing
11,244,East District,0.02552961050376987,0.004189589710981317,growing,stagnant,0.02531948075577728,0.005026606126115718,0.021340020792788555,volume growing / ntl flat
13,265,Dimapur,0.027980438983771,0.006661098182785964,growing,stagnant,0.021745134293402746,6.666623339190991e-05,0.021319340800985034,volume growing / ntl flat
19,336,Nadia,0.047447630558757496,0.026200038597333657,growing,growing,0.05039519678323545,0.031623052459741174,0.02124759196142384,both growing
29,582,Chikkaballapura,0.05093668546773151,0.02973219706298808,growing,growing,0.05331084528384511,0.030583874539679146,0.02120448840474343,both growing
33,629,Kanniyakumari,0.03705224262729073,0.016036369010130155,growing,stagnant,0.037221909686743215,0.01357911726410932,0.021015873617160577,volume growing / ntl flat
3,46,Bathinda,0.059690603806646474,0.03876851737910434,growing,growing,0.051382480013215215,0.04099067256588107,0.020922086427542133,both growing
27,521,Pune,0.03555107211430083,0.056406428086690365,growing,growing,0.032788609088553855,0.05458278977300157,0.020855355972389536,both growing
14,278,Imphal East,0.018549538069088406,0.03939225639163634,stagnant,growing,0.012816131217918247,0.05097361979318493,0.020842718322547936,volume flat / ntl growing
5,56,Uttarkashi,-0.017866914399716455,0.002915818026905368,stagnant,stagnant,-0.02349956776153117,0.008181869739208869,0.020782732426621823,both stagnant
23,452,Narsimhapur,0.05474193876339626,0.034140941721464,growing,growing,0.04678345967436037,0.03616589172355833,0.02060099704193226,both growing
23,454,Mandla,0.038639749118536695,0.01810318324528996,growing,stagnant,0.03787041379528544,0.02712276263804081,0.020536565873246735,volume growing / ntl flat
15,287,Lawngtlai,0.02471065956165109,0.045136422213416,growing,growing,0.02788378304492567,0.04197043625514629,0.020425762651764913,both growing
8,118,Pali,0.04388613361767188,0.023472140438055844,growing,growing,0.025883652083375175,0.028031879666014614,0.020413993179616036,both growing
3,42,Moga,0.04977694027178221,0.02943691427512051,growing,growing,0.037161944086004706,0.030715128710665507,0.020340025996661695,both growing
27,531,Sangli,0.02851995533679322,0.048838248107750615,growing,growing,0.023097685453205896,0.04211690048125161,0.020318292770957393,both growing
10,213,Madhepura,0.03285368616742401,0.01267012979424545,growing,stagnant,0.035394890202030904,0.01649354451991325,0.020183556373178563,volume growing / ntl flat
9,176,Bara Banki,0.0640974710883776,0.043949535592193674,growing,growing,0.05312059033013106,0.05796513267058456,0.020147935496183926,both growing
29,561,Gadag,0.017580776773471904,0.03772836221439343,stagnant,growing,0.017309435363835002,0.04000726341151917,0.020147585440921524,volume flat / ntl growing
22,416,Dakshin Bastar Dantewada,0.04196632701547537,0.021874170310004312,growing,growing,0.03989660881589607,0.02334491537258021,0.020092156705471056,both growing
3,54,Barnala,0.05711206395559845,0.037029985461972455,growing,growing,0.04436519992726784,0.040453788698413984,0.020082078493625997,both growing
27,516,Nashik,0.03312575542561982,0.013046379681223056,growing,stagnant,0.025210557143408918,0.012497065922577155,0.020079375744396763,volume growing / ntl flat
29,560,Koppal,0.03040472885858026,0.050312532786615356,growing,growing,0.029366444252409973,0.0494353043648017,0.019907803928035095,both growing
18,304,Morigaon,0.0025629797334751226,-0.017283524300856667,stagnant,stagnant,0.0027294208982018286,-0.005837032692705524,0.01984650403433179,both stagnant
9,140,Ghaziabad,0.03510684416387308,0.015585535011198942,growing,stagnant,0.025401053899412274,0.02382535879119696,0.019521309152674138,volume growing / ntl flat
27,523,Bid,0.03767377837555136,0.05717362666781153,growing,growing,0.03349284086267068,0.04809648691582025,0.019499848292260175,both growing
12,255,Lower Subansiri,0.0009658681352625902,-0.01852082739006065,stagnant,stagnant,0.00691439552707207,-0.0120630426464724,0.01948669552532324,both stagnant
32,588,Kasaragod,0.05272252449771804,0.07213555357435865,growing,growing,0.05816182538352921,0.08626734715428475,0.01941302907664061,both growing
2,23,Chamba,0.017393059212423137,-0.002003526258761536,stagnant,stagnant,0.019087760181263125,0.01887417406639602,0.019396585471184672,both stagnant
9,132,Saharanpur,0.025177174221327352,0.005867507518156901,growing,stagnant,0.006544377333327578,0.019616986198935704,0.019309666703170452,volume growing / ntl flat
29,566,Chitradurga,0.03311070847978568,0.05213815585900768,growing,growing,0.03270703156703436,0.06317705527490647,0.019027447379222004,both growing
18,302,Goalpara,0.019779042388417392,0.03877585432226761,stagnant,growing,0.017594467953703896,0.03697339132348576,0.018996811933850215,volume flat / ntl growing
23,446,Raisen,0.051330683400107775,0.032366268224191655,growing,growing,0.045967678740869156,0.032956469168481606,0.01896441517591612,both growing
29,556,Bagalkot,0.029618272509944345,0.04846159999649129,growing,growing,0.02798318070536543,0.04455788349458034,0.01884332748654695,both growing
23,441,Barwani,0.061441967689248596,0.0428293157997124,growing,growing,0.043002588635125516,0.032120530671125413,0.018612651889536196,both growing
16,291,Dhalai,0.01933271253730348,0.0007527987111230228,stagnant,stagnant,0.010829698577493607,-0.0037146920043847897,0.018579913826180457,both stagnant
21,396,Rayagada,0.04263265296213888,0.061100289921659764,growing,growing,0.041817120864001245,0.05108612529218015,0.018467636959520882,both growing
8,110,Jaipur,0.04177382795768536,0.023319787743274,growing,growing,0.04068192590057973,0.021397001757049727,0.01845404021441136,both growing
14,274,Churachandpur,0.027176050559796206,0.04562692222484616,growing,growing,0.027173015001376477,0.047941261459067075,0.018450871665049957,both growing
23,426,Panna,0.03327950449837612,0.051576881356880704,growing,growing,0.024752632470065317,0.06581333895417907,0.018297376858504584,both growing
20,369,Saraikela-Kharsawan,0.043970003942985,0.02568269242959122,growing,growing,0.03313806278626852,0.027813338716210056,0.018287311513393783,both growing
24,480,Amreli,0.0176892323119746,-0.0005539659113805922,stagnant,stagnant,0.00770258018790293,-0.0011657616600011522,0.018243198223355194,both stagnant
27,519,Mumbai,0.004891947519921053,0.02296673452928136,stagnant,growing,0.0014244201633784037,0.02224286116206775,0.018074787009360306,volume flat / ntl growing
9,156,Unnao,0.04882226315091107,0.030803361479181723,growing,growing,0.04964060029838846,0.03420493902181643,0.01801890167172935,both growing
24,489,The Dangs,0.05815456491333656,0.0402016673374165,growing,growing,0.05017716390995863,0.03481716281635028,0.017952897575920057,both growing
20,352,Sahibganj,0.04559129970342318,0.027643728126918222,growing,growing,0.049309476160282806,0.035416654494605515,0.01794757157650496,both growing
21,389,Gajapati,0.05239756211592017,0.07029232105869618,growing,growing,0.049004764713501014,0.04749380997511765,0.017894758942776007,both growing
6,84,Mahendragarh,0.03735236038803209,0.019620117688181136,growing,stagnant,0.02751603983551032,0.017868540723555926,0.01773224269985095,volume growing / ntl flat
21,381,Cuttack,0.04279675636715493,0.02510107254605277,growing,growing,0.04323574470411273,0.02651186369084213,0.01769568382110216,both growing
13,270,Kohima,0.010418324201146661,0.028109238914125697,stagnant,growing,0.0056087442079304495,0.030851191995767024,0.017690914712979035,volume flat / ntl growing
32,595,Ernakulam,0.02522219766478977,0.04285634456167242,growing,growing,0.024145293574729942,0.054319422697850506,0.01763414689688265,both growing
10,217,Gopalganj,0.019495104411655403,0.03709717457620275,stagnant,growing,0.02298657044858432,0.050811445759565865,0.017602070164547345,volume flat / ntl growing
29,580,Yadgir,0.03402083308965199,0.05147011275281644,growing,growing,0.028779387242189758,0.04863086157494867,0.017449279663164452,both growing
8,120,Tonk,0.044900205090495096,0.027531123354022437,growing,growing,0.03626047754056638,0.037706811648168914,0.01736908173647266,both growing
18,305,Nagaon,0.0388865573614202,0.056230894552189735,growing,growing,0.03610224477504942,0.06251727542879215,0.017344337190769533,both growing
16,290,South Tripura,-0.00197490180559516,-0.019258320916359175,stagnant,stagnant,-0.009777243277363623,-0.01761904529190572,0.017283419110764014,both stagnant
27,509,Chandrapur,0.0266293640668756,0.043883111180527214,growing,growing,0.01013066330297585,0.03844083485738614,0.017253747113651612,both growing
17,297,Ribhoi,0.02071346077398044,0.003481785256342145,growing,stagnant,0.010467379774125485,-0.002425728767256219,0.017231675517638295,volume growing / ntl flat
18,314,Karbi Anglong,0.02747172089817067,0.04469724440940378,growing,growing,0.024275672137635818,0.038805828095749506,0.017225523511233107,both growing
1,5,Punch,0.037476459559556675,0.020250993612140552,growing,growing,0.033652826997023766,0.03913788491173942,0.017225465947416124,both growing
1,16,Doda,0.0407087627667592,0.05770580209496494,growing,growing,0.04742548159284121,0.04874982436944042,0.01699703932820574,both growing
23,437,Dewas,0.054978953590038245,0.07196788104996556,growing,growing,0.047882874354045146,0.07584193099428171,0.016988927459927312,both growing
25,494,Diu,0.022574987799267796,0.00562761171127997,growing,stagnant,0.01296175231457597,0.0043573933995653125,0.016947376087987825,volume growing / ntl flat
5,59,Tehri Garhwal,0.05222807633256954,0.035301867797472165,growing,growing,0.05398327706362349,0.03808454395553795,0.016926208535097374,both growing
8,130,Udaipur,0.0482524028680239,0.03141478104186654,growing,growing,0.03540077372989381,0.030211418370403642,0.016837621826157362,both growing
24,493,Tapi,0.04313820344691916,0.059457213987561174,growing,growing,0.03214760328869515,0.05306085590425624,0.016319010540642012,both growing
9,172,Fatehpur,0.031180764867710587,0.015003005944832682,growing,stagnant,0.021006209473036774,0.017803488778670218,0.016177758922877906,volume growing / ntl flat
14,272,Senapati,0.02407683127854056,0.04014691874884123,growing,growing,0.028340984842563977,0.05646210827240172,0.01607008747030067,both growing
2,31,Solan,0.036667812812667525,0.020725880050190208,growing,growing,0.03382166956366017,0.02969111881961517,0.015941932762477316,both growing
23,453,Dindori,0.04057954108151663,0.024738111552794064,growing,growing,0.04289534453548938,0.03936538523979172,0.015841429528722566,both growing
6,75,Panipat,0.02830854741387167,0.012483450681405122,growing,stagnant,0.021145908364977206,0.00839454920190641,0.01582509673246655,volume growing / ntl flat
29,563,Uttara Kannada,0.04621777085615422,0.030691177021017077,growing,growing,0.04570788321373187,0.03045743184924765,0.015526593835137145,both growing
18,301,Dhubri,0.0322295168328179,0.04768206153311398,growing,growing,0.03678320078932651,0.06105847621799221,0.015452544700296084,both growing
27,497,Nandurbar,0.04329501128983277,0.02786491961215935,growing,growing,0.029156424040471807,0.029719315621784093,0.01543009167767342,both growing
20,353,Pakur,0.04119263298664959,0.056618872248204,growing,growing,0.04946372945792854,0.06815612910447899,0.015426239261554411,both growing
6,74,Karnal,0.02967649240114269,0.014268419787791677,growing,stagnant,0.021319924803243406,0.015626970275555596,0.015408072613351014,volume growing / ntl flat
27,503,Amravati,0.04289758342453583,0.05828929898447833,growing,growing,0.035751408515793504,0.06187989398780558,0.015391715559942495,both growing
33,609,Namakkal,0.03407241056703929,0.018779116841157538,growing,stagnant,0.029771682821831957,0.021088971313470317,0.01529329372588175,volume growing / ntl flat
5,58,Rudraprayag,0.02160930493328258,0.036841164642550876,growing,growing,0.021273723377800424,0.04961984393722574,0.015231859709268297,both growing
27,514,Jalna,0.049525165141305595,0.06470173231088253,growing,growing,0.04558946828462651,0.05686403715267474,0.01517656716957693,both growing
33,614,Tiruchirappalli,0.02379842677466902,0.008624948337385769,growing,stagnant,0.02145508923872308,0.0014631608171955524,0.015173478437283252,volume growing / ntl flat
2,30,Bilaspur,0.02677173498488113,0.04187656223025374,growing,growing,0.025198300631396275,0.05485064518793492,0.015104827245372609,both growing
21,375,Kendujhar,0.04860748647965422,0.06354502642306252,growing,growing,0.04668446148560368,0.06625166455740361,0.014937539943408303,both growing
9,199,Mirzapur,0.043337821343774854,0.05812383821573026,growing,growing,0.04176027329100562,0.0673378910893827,0.014786016871955403,both growing
9,188,Gorakhpur,0.026322808807640728,0.04103803471249631,growing,growing,0.031576799846097625,0.049798670211290474,0.014715225904855585,both growing
9,174,Kaushambi,0.05444024596819745,0.03983315777754386,growing,growing,0.043643853486999395,0.05309659363598218,0.014607088190653594,both growing
13,269,Kiphire,0.019879009698359956,0.005336248560108048,stagnant,stagnant,0.022000011550969978,0.01387724152582881,0.014542761138251908,both stagnant
8,111,Sikar,0.04238465237157216,0.027847745178023138,growing,growing,0.04162480825146586,0.032600216665178205,0.014536907193549019,both growing
23,430,Rewa,0.04874730869434103,0.06326661842769452,growing,growing,0.03746742051366159,0.0638753479437899,0.014519309733353483,both growing
24,479,Junagadh,0.041787122369496534,0.056102212550172836,growing,growing,0.02866133378708846,0.058852414519191765,0.014315090180676303,both growing
1,21,Jammu,0.0307693285911239,0.016467816045593695,growing,stagnant,0.026401112548849692,0.014923972139995856,0.014301512545530203,volume growing / ntl flat
23,424,Tikamgarh,0.03561163849934209,0.021349034807110496,growing,growing,0.02266856747505508,0.02227984293116303,0.014262603692231594,both growing
8,115,Barmer,0.05193249277282418,0.06614116595228513,growing,growing,0.04454763168487297,0.053969158733869094,0.014208673179460944,both growing
20,347,Chatra,0.04788243674575285,0.06204428418953339,growing,growing,0.03853393548807915,0.07344377293529902,0.014161847443780538,both growing
9,201,Etah,0.06163668393323882,0.07579155572126446,growing,growing,0.06726478247296597,0.09603720825426332,0.014154871788025644,both growing
3,48,Patiala,0.04525686818773476,0.031122483485611988,growing,growing,0.03268048909352439,0.03858913593494817,0.01413438470212277,both growing
15,282,Kolasib,0.029525384759788078,0.015500700704593418,growing,stagnant,0.03302489938672726,0.016646834185688686,0.01402468405519466,volume growing / ntl flat
1,1,Kupwara,0.023143097360806456,0.037023383557864054,growing,growing,0.023270150948399237,0.029987946935438936,0.013880286197057598,both growing
3,49,Amritsar,0.04579417897628731,0.031941749014150665,growing,growing,0.035169113523474405,0.03821210426951738,0.013852429962136648,both growing
23,443,Vidisha,0.04321192121706722,0.029428617953883865,growing,growing,0.042308404572304115,0.03068164880720392,0.013783303263183354,both growing
9,139,Baghpat,0.02540742119210223,0.011690724219030453,growing,stagnant,0.0159720275093147,0.02617067191386857,0.013716696973071776,volume growing / ntl flat
32,596,Idukki,0.0314976777677714,0.04520608401703174,growing,growing,0.030026003634127774,0.048970724476742555,0.013708406249260341,both growing
13,261,Mon,0.01013761141216663,-0.0035074843003230073,stagnant,stagnant,-0.004037130826376134,-0.01314133305110643,0.013645095712489638,both stagnant
16,289,West Tripura,-0.006269534763621981,0.007369565001404571,stagnant,stagnant,-0.013036986024183683,0.01010377729574552,0.01363909976502655,both stagnant
6,76,Sonipat,0.03729787964656656,0.02372352668799902,growing,growing,0.032014246689498815,0.023332843635691436,0.013574352958567543,both growing
4,55,Chandigarh,0.015233609760947505,0.0016750586318393201,stagnant,stagnant,0.008684852456068315,0.005926693907154501,0.013558551129108184,both stagnant
27,530,Kolhapur,0.030687004025195915,0.044157407702079175,growing,growing,0.025433096708450176,0.034203993363487006,0.01347040367688326,both growing
21,373,Debagarh,0.04774864048885676,0.06093628203367492,growing,growing,0.04130492873479796,0.07489797099680318,0.013187641544818156,both growing
19,335,Barddhaman,0.017341527491942246,0.004316631430354979,stagnant,stagnant,0.0191517239478618,0.006521429640904852,0.013024896061587268,both stagnant
22,410,Raipur,0.03481604983465641,0.021815430503681524,growing,growing,0.027682625234834113,0.02721819244979562,0.013000619330974884,both growing
33,631,Krishnagiri,0.06141943730786099,0.0742388545951396,growing,growing,0.06301652969742966,0.08517142834551494,0.01281941728727861,both growing
29,584,Ramanagara,0.04927057354982958,0.036597886582857925,growing,growing,0.04806504112977983,0.04521551073112873,0.012672686966971658,both growing
33,604,Kancheepuram,0.032109572806837676,0.019542054167825035,growing,stagnant,0.03493092961655808,0.024450506581612963,0.012567518639012641,volume growing / ntl flat
28,544,Visakhapatnam,0.028110835642076722,0.01561124945432876,growing,stagnant,0.025768976208345284,0.018610629226537556,0.012499586187747963,volume growing / ntl flat
8,117,Sirohi,0.03898553466954601,0.026530687028654548,growing,growing,0.025582333623730857,0.027118622594407338,0.012454847640891463,both growing
19,337,North Twenty Four Parganas,0.03627545863525107,0.023864235815584518,growing,growing,0.0325879314455233,0.028198356996552487,0.012411222819666553,both growing
29,567,Davanagere,0.021361845098962363,0.03362898874972658,growing,growing,0.02017227382023168,0.03609289945913763,0.012267143650764215,both growing
23,440,Khargone (West Nimar),0.06212397872562753,0.07437991502007896,growing,growing,0.04722307869211262,0.07588172360938805,0.01225593629445143,both growing
28,546,West Godavari,0.027188040484797643,0.039257127668788305,growing,growing,0.023582847375487548,0.04185995912511742,0.012069087183990662,both growing
29,578,Chamarajanagar,0.040519100793180836,0.05247230102571182,growing,growing,0.03822154262254163,0.057917250866333925,0.011953200232530985,both growing
23,448,Harda,0.029963216630976872,0.04179613664551496,growing,growing,0.02947135248829591,0.043377353860570844,0.011832920014538086,both growing
5,68,Hardwar,0.032687317397995796,0.020854861865117546,growing,growing,0.023184050606464446,0.033038586001597814,0.01183245553287825,both growing
19,338,Hugli,0.02526119007469599,0.03693523127067307,growing,growing,0.024016130332857433,0.04092044873753409,0.011674041195977085,both growing
23,450,Katni,0.03572202508471145,0.0240486599967038,growing,growing,0.025562098908966657,0.029865502312655057,0.011673365088007651,both growing
33,630,Dharmapuri,0.043427117833435794,0.05505883049177852,growing,growing,0.039511005217542916,0.06534931101146402,0.011631712658342723,both growing
9,182,Balrampur,0.05682861965392931,0.045205505448364235,growing,growing,0.053715936366353745,0.04474476811237893,0.011623114205565076,both growing
28,553,Anantapur,0.04400280116904252,0.055489727419878704,growing,growing,0.04203795513216191,0.05560649923796168,0.011486926250836187,both growing
19,342,Kolkata,0.009727147104225245,0.02118184645320275,stagnant,growing,0.005496661051538343,0.017561599332394096,0.011454699348977505,volume flat / ntl growing
29,579,Gulbarga,0.023871692566666134,0.012507097108936344,growing,stagnant,0.02126116260130373,0.018695198685424907,0.01136459545772979,volume growing / ntl flat
21,392,Subarnapur,0.04339490340705376,0.032203232368442795,growing,growing,0.034324754414650105,0.01609484559249963,0.011191671038610962,both growing
11,243,South District,-0.007796587745704022,-0.018980863440157106,stagnant,stagnant,-0.012199287834265382,-0.008388090837336382,0.011184275694453084,both stagnant
9,195,Ghazipur,0.02889258780386314,0.039941452106661134,growing,growing,0.03179765517076194,0.04919666116078969,0.011048864302797994,both growing
30,586,South Goa,0.022640701477017366,0.0336434704064614,growing,growing,0.019882390071896072,0.041734306873618676,0.011002768929444035,both growing
8,101,Bikaner,0.03527790772571569,0.04623394732662636,growing,growing,0.029070530689161656,0.04327059654179233,0.01095603960091067,both growing
6,79,Sirsa,0.04905404881814336,0.03810044463225228,growing,growing,0.04059891811509453,0.03781562290343343,0.010953604185891079,both growing
33,633,Tiruppur,0.04954525091193946,0.060463773380058,growing,growing,0.04731418973256041,0.059134927472873855,0.010918522468118537,both growing
9,197,Varanasi,0.0458221939768405,0.03496627273649275,growing,growing,0.04638157711279556,0.042422746538175904,0.010855921240347753,both growing
29,558,Bidar,0.031763570877887504,0.042604981072234316,growing,growing,0.029151946890799252,0.04299274636595163,0.010841410194346812,both growing
21,371,Jharsuguda,0.026014971035636034,0.015428505215130365,growing,stagnant,0.02281547313008425,0.015243734536794173,0.010586465820505668,volume growing / ntl flat
9,151,Pilibhit,0.04890756047729043,0.038339062008267144,growing,growing,0.04523932194474867,0.05395563546847559,0.010568498469023288,both growing
33,622,Sivaganga,0.01791079531038173,0.028392162116327824,stagnant,growing,0.020694153332088572,0.02937490586705982,0.010481366805946093,volume flat / ntl growing
20,360,Hazaribagh,0.042422390547522795,0.05281031369729183,growing,growing,0.027132232528658706,0.05840527382602989,0.010387923149769038,both growing
18,306,Sonitpur,0.04156783733049214,0.03118684310461319,growing,growing,0.036892601944360726,0.04476562920636873,0.010380994225878949,both growing
6,72,Kurukshetra,0.022253517948236684,0.03259942911865825,growing,growing,0.013030863918906732,0.033385507153400606,0.010345911170421565,both growing
29,581,Kolar,0.05083435629139496,0.04052756214112746,growing,growing,0.05429458462391823,0.04386763057455756,0.010306794150267501,both growing
8,103,Jhunjhunun,0.03954510410125041,0.029385010878903165,growing,growing,0.03725460561198757,0.03415903192520231,0.010160093222347243,both growing
23,457,Balaghat,0.03482704969734145,0.02478303414934584,growing,growing,0.02852470702123111,0.030090826836004725,0.010044015547995607,both growing
5,65,Champawat,0.023113618780975266,0.03305089836141691,growing,growing,0.029795740395770487,0.03927810041242208,0.009937279580441646,both growing
28,542,Srikakulam,0.042575275597462055,0.05247462499539418,growing,growing,0.03903647813154976,0.052909089108994056,0.009899349397932126,both growing
6,87,Mewat,0.06801274794116256,0.0778912128333949,growing,growing,0.059466991554241844,0.08065564932219949,0.009878464892232333,both growing
5,60,Dehradun,0.046361436958573234,0.03648448912808828,growing,growing,0.03527497102234256,0.04110216186336735,0.009876947830484956,both growing
2,32,Sirmaur,0.04570332953859746,0.03592028665610124,growing,growing,0.04020670905747403,0.052853717870949835,0.00978304288249622,both growing
8,112,Nagaur,0.04725616606885191,0.037510617769560696,growing,growing,0.037311867314421265,0.03555590453538704,0.009745548299291217,both growing
23,449,Hoshangabad,0.04784896455359337,0.03811869797926487,growing,growing,0.04420366817499799,0.04113022902473484,0.009730266574328503,both growing
20,368,Pashchimi Singhbhum,0.03908547776505111,0.029404030941371808,growing,growing,0.03144349079379971,0.031475189417073945,0.009681446823679305,both growing
33,610,Erode,0.032076392607355,0.041739813528953285,growing,growing,0.028476177165789762,0.04449642951946231,0.009663420921598283,both growing
22,401,Surguja,0.04792000154637095,0.03826202412068864,growing,growing,0.041650381753401966,0.040444365103975644,0.009657977425682314,both growing
21,374,Sundargarh,0.03152155532167034,0.04113758995586989,growing,growing,0.02929646507480932,0.045595977639414365,0.00961603463419955,both growing
6,86,Gurgaon,0.041254004908810274,0.03174887623784831,growing,growing,0.03531867319755699,0.03127430831092015,0.009505128670961961,both growing
33,627,Thoothukkudi,0.024644961448842633,0.015170545933684058,growing,stagnant,0.024085912658457387,0.022482464134189195,0.009474415515158575,volume growing / ntl flat
33,618,Nagapattinam,0.029481315839294572,0.020024667398112112,growing,growing,0.03476110338327065,0.006896771850784189,0.00945664844118246,both growing
28,540,Warangal,0.039563999688584595,0.04891100829047804,growing,growing,0.036036417438800816,0.062168527227087766,0.009347008601893449,both growing
24,486,Vadodara,0.0360423182289738,0.04526477640180597,growing,growing,0.028641873560451003,0.04413166140963143,0.009222458172832168,both growing
29,573,Mandya,0.0408555195797619,0.031794983128948705,growing,growing,0.04074117669292798,0.039119323741836576,0.009060536450813193,both growing
10,210,Kishanganj,0.03437648413484371,0.043400549845090695,growing,growing,0.034880825800474025,0.05349308951029941,0.009024065710246984,both growing
23,442,Rajgarh,0.07477632173102912,0.06579854480959024,growing,growing,0.06940837996882432,0.05990799199601149,0.008977776921438876,both growing
22,415,Narayanpur,0.042165115811915704,0.05112743068981677,growing,growing,0.03478229033400515,0.047798578979187045,0.008962314877901063,both growing
32,593,Palakkad,0.03978858879827018,0.030867772523231547,growing,growing,0.04597962004855205,0.031446893201286796,0.008920816275038632,both growing
8,102,Churu,0.04879662798907052,0.039910869224162995,growing,growing,0.04572976527320649,0.05212470530127833,0.008885758764907527,both growing
29,571,Tumkur,0.04640963848745845,0.03791831779062491,growing,growing,0.04775366993920582,0.029698477696518788,0.008491320696833539,both growing
33,620,Thanjavur,0.045750248465683645,0.03752609614445192,growing,growing,0.05207306400392597,0.027531359848690817,0.008224152321231727,both growing
10,209,Araria,0.03048351634475751,0.022263737670462608,growing,growing,0.03692160166242808,0.028416664928116342,0.008219778674294902,both growing
7,97,South West,0.013454842694127403,0.00538687705609756,stagnant,stagnant,0.006986835697146976,0.005494092333263811,0.008067965638029844,both stagnant
23,425,Chhatarpur,0.037171363614107236,0.045156372154166784,growing,growing,0.029541209364123633,0.059623056908885363,0.007985008540059547,both growing
33,607,Viluppuram,0.026834815174192117,0.018877011392575194,growing,stagnant,0.025423695539324997,0.021823592051670726,0.007957803781616923,volume growing / ntl flat
6,70,Ambala,0.032647538954603414,0.04058774826679168,growing,growing,0.0203879228880397,0.041627702963868085,0.007940209312188265,both growing
19,344,Paschim Medinipur,0.03523320281958061,0.043093430713152796,growing,growing,0.04099349813945352,0.04469167195179469,0.007860227893572186,both growing
33,613,Karur,0.028259297556687785,0.036114148737579184,growing,growing,0.02634938738682835,0.039436875579225594,0.007854851180891399,both growing
21,398,Koraput,0.042918484331408095,0.035120737066700554,growing,growing,0.04002158613551088,0.031869163148315005,0.007797747264707541,both growing
14,276,Thoubal,0.0409482913061285,0.03321472121528039,growing,growing,0.03345698943103237,0.049736987751402895,0.007733570090848109,both growing
10,235,Aurangabad,0.033856461571646776,0.04151526498119466,growing,growing,0.026073110882369743,0.04122848665180756,0.007658803409547887,both growing
24,488,Bharuch,0.03598566008930295,0.043559766860589974,growing,growing,0.02806592626273341,0.0446672490052642,0.007574106771287024,both growing
29,570,Chikmagalur,0.026409035234999795,0.033897654084031476,growing,growing,0.03221322045147845,0.0325791259185626,0.007488618849031681,both growing
7,94,New Delhi,-0.006976204329802746,-0.014455361725299291,stagnant,stagnant,-0.01322881233843698,-0.012643781357643435,0.007479157395496545,both stagnant
33,624,Theni,0.03239836705033942,0.039577721875649445,growing,growing,0.03214612378058024,0.04315796987969822,0.0071793548253100276,both growing
22,411,Mahasamund,0.03217495469605935,0.02512353160327769,growing,growing,0.02401793619314252,0.03159230577512884,0.0070514230927816585,both growing
21,377,Baleshwar,0.03693843314603871,0.02989193008343275,growing,growing,0.03092449238985462,0.03121822357235149,0.007046503062605958,both growing
1,15,Kulgam,0.029883959792717026,0.03666483836176277,growing,growing,0.033693996534722714,0.05856842747454016,0.006780878569045745,both growing
29,576,Kodagu,0.027370741354334493,0.03413504741618332,growing,growing,0.03288892494944884,0.041015748210035285,0.006764306061848826,both growing
23,433,Mandsaur,0.047757229694662326,0.05451448757469253,growing,growing,0.031341501210160994,0.056580566891162754,0.006757257880030204,both growing
23,445,Sehore,0.04840036159638409,0.04166384836425167,growing,growing,0.046343176290587706,0.04537320612930951,0.006736513232132424,both growing
22,408,Rajnandgaon,0.03265091546686323,0.026128044379152282,growing,growing,0.02576836984148212,0.029214690853249348,0.006522871087710949,both growing
24,476,Rajkot,0.06195556731392649,0.06847417007550237,growing,growing,0.056530790096087635,0.06823046169374991,0.006518602761575877,both growing
3,52,Sahibzada Ajit Singh Nagar,0.05502845870111024,0.048580372209131084,growing,growing,0.04494829182260185,0.05400454118221876,0.0064480864919791575,both growing
16,292,North Tripura,0.02960682921480732,0.03604170831468889,growing,growing,0.025418717044736416,0.0313730629108524,0.006434879099881573,both growing
12,246,West Kameng,-0.015750138610438353,-0.00936734059281345,stagnant,stagnant,-0.014584154458002097,-0.0032210485191853655,0.0063827980176249036,both stagnant
19,334,Birbhum,0.022332414625225668,0.02860994011545925,growing,growing,0.02243962959037704,0.03319213630468143,0.006277525490233582,both growing
29,559,Raichur,0.03157071307036554,0.025402789913430205,growing,growing,0.0283733381431146,0.019578324756337917,0.006167923156935335,both growing
33,606,Tiruvannamalai,0.029157469512071623,0.023050826067479678,growing,growing,0.029839005799262353,0.026276980966275065,0.006106643444591945,both growing
28,548,Guntur,0.02756678417799019,0.021462920564200863,growing,growing,0.026344433691041003,0.023908599705051214,0.006103863613789326,both growing
6,71,Yamunanagar,0.033500131510218766,0.02742384602087245,growing,growing,0.021413431599228927,0.03309636107682623,0.006076285489346314,both growing
3,38,Hoshiarpur,0.026490794444738525,0.03255872649825384,growing,growing,0.014227973246579095,0.03405369060863617,0.006067932053515312,both growing
14,277,Imphal West,0.026576873294632937,0.03260548900234101,growing,growing,0.017470213730198747,0.04286190566000414,0.006028615707708074,both growing
21,376,Mayurbhanj,0.04594643345995404,0.0519267035370962,growing,growing,0.043730472165647516,0.057390921487733726,0.005980270077142157,both growing
9,153,Kheri,0.051255351947580685,0.05723561252247373,growing,growing,0.05256155649623695,0.06038631053889376,0.005980260574893044,both growing
12,248,Papum Pare,0.051291150506335224,0.045312105467088026,growing,growing,0.051201184412675405,0.04845057171492129,0.005979045039247198,both growing
27,513,Parbhani,0.035650008170787034,0.029672053590045655,growing,growing,0.03413241147120827,0.021008844185934628,0.005977954580741379,both growing
23,438,Dhar,0.059204321394824476,0.053331040197308,growing,growing,0.04599908099040695,0.05283428522589029,0.005873281197516476,both growing
3,37,Jalandhar,0.03433943362322875,0.028499946221887416,growing,growing,0.020879720938937973,0.03211995291736924,0.0058394874013413325,both growing
3,53,Sangrur,0.05886455626276201,0.05304044711476087,growing,growing,0.04885681608814374,0.05414659013570944,0.00582410914800114,both growing
3,41,Ludhiana,0.041367361288631985,0.03558962195752612,growing,growing,0.02903585807117448,0.04002603673300564,0.005777739331105862,both growing
9,196,Chandauli,0.035296157337117565,0.029613638658330107,growing,growing,0.03714626329313919,0.03728649237321169,0.005682518678787458,both growing
21,380,Jagatsinghapur,0.029256742209446077,0.034852335007925825,growing,growing,0.024214515375947432,0.0399660893297582,0.0055955927984797475,both growing
28,552,Kurnool,0.0348693747382038,0.040458694166034384,growing,growing,0.031849923931029034,0.04492759733249829,0.005589319427830586,both growing
22,402,Jashpur,0.03784747616222378,0.032260242615387916,growing,growing,0.031372977549553926,0.028543698832177,0.005587233546835865,both growing
11,242,West District,-0.02527421688633614,-0.019800423773488146,declining,stagnant,-0.03598648813815819,-0.005615659986612287,0.0054737931128479925,volume declining / ntl flat
20,362,Dumka,0.03959256458469947,0.04501148714745617,growing,growing,0.042044842592588116,0.05178160741908755,0.005418922562756695,both growing
6,78,Fatehabad,0.04795503114710357,0.04272337866316684,growing,growing,0.028907476244598884,0.03667602673738046,0.005231652483936727,both growing
6,89,Palwal,0.05844028854798027,0.053229179128961294,growing,growing,0.0446715377319753,0.05447086745928287,0.005211109419018978,both growing
3,36,Kapurthala,0.03711193133197078,0.042187588011252324,growing,growing,0.022828732697967702,0.04210639127480964,0.0050756566792815455,both growing
27,515,Aurangabad,0.048804279661345436,0.04379959746337172,growing,growing,0.04333432346112209,0.037933634173972886,0.005004682197973717,both growing
8,131,Pratapgarh,0.05536645587310684,0.05040126650070023,growing,growing,0.05365411461316416,0.05477025161953608,0.004965189372406607,both growing
27,512,Hingoli,0.052229386224152394,0.05717827597919606,growing,growing,0.054840390914821846,0.049091661401927666,0.0049488897550436645,both growing
6,85,Rewari,0.033501466149651896,0.028639899006106553,growing,growing,0.023144062572942214,0.0321437603325585,0.004861567143545343,both growing
22,409,Durg,0.028494564384387383,0.023640129564337163,growing,growing,0.03001060922066312,0.020967320155170333,0.00485443482005022,both growing
28,541,Khammam,0.033780778453231894,0.038493403028483066,growing,growing,0.03070906101340598,0.042493366910486996,0.004712624575251172,both growing
23,439,Indore,0.045606563907306705,0.0501874492959173,growing,growing,0.040588516059671065,0.053378705059420106,0.004580885388610595,both growing
24,485,Dohad,0.0500923034580039,0.04554086469158978,growing,growing,0.04420340220103425,0.04741848939427484,0.0045514387664141245,both growing
18,317,Karimganj,0.022862751816516477,0.02741220480297382,growing,growing,0.020858386265724782,0.053782251549315596,0.004549452986457342,both growing
20,366,Gumla,0.030432156323434045,0.03495354316970153,growing,growing,0.028344137411405512,0.036792752252660765,0.004521386846267482,both growing
24,492,Surat,0.03670928871254288,0.04112980073708155,growing,growing,0.03167131508699894,0.041101110183689116,0.004420512024538671,both growing
29,557,Bijapur,0.03480135585868977,0.039163617053697045,growing,growing,0.03048440498328886,0.03708340293653589,0.0043622611950072734,both growing
28,551,Y.S.R.,0.03692094991663914,0.04123120453924685,growing,growing,0.03362351178780876,0.04411449825249414,0.004310254622607708,both growing
33,615,Perambalur,0.027742860320942298,0.03201163416360605,growing,growing,0.027751672170079678,0.043011075118406294,0.004268773842663751,both growing
8,99,Ganganagar,0.0466298482720376,0.050798716539239085,growing,growing,0.0367458041405484,0.06282033002258025,0.004168868267201482,both growing
23,451,Jabalpur,0.030778618597596178,0.0349213225559193,growing,growing,0.02681659260292557,0.03731238570443973,0.004142703958323123,both growing
33,623,Madurai,0.027129752817152353,0.031246913073771383,growing,growing,0.02897729575682062,0.03316690357635865,0.00411716025661903,both growing
28,554,Chittoor,0.045077350773356825,0.04099958316490466,growing,growing,0.04389179650142894,0.04098775848815439,0.004077767608452167,both growing
27,511,Nanded,0.04139304431627395,0.037366393436255134,growing,growing,0.0448488517082446,0.03430652081504104,0.0040266508800188144,both growing
19,345,Purba Medinipur,0.03370053193228194,0.03750966568700368,growing,growing,0.036709665319283546,0.041066088458087346,0.0038091337547217427,both growing
3,51,Rupnagar,0.025056169704240506,0.02125215667900479,growing,growing,0.012898735135767225,0.025410703460180928,0.0038040130252357147,both growing
21,391,Baudh,0.048191622999102936,0.05195396428072517,growing,growing,0.045430924627082536,0.05677188805455047,0.003762341281622235,both growing
23,467,Burhanpur,0.03826518393971831,0.03454228814521245,growing,growing,0.033044714403496656,0.033000414832919045,0.0037228957945058608,both growing
6,77,Jind,0.03398307222555604,0.03761106624760002,growing,growing,0.023684773650145985,0.03233101211346079,0.00362799402204398,both growing
20,356,Lohardaga,0.028121904571584377,0.03168878275789955,growing,growing,0.02374922836030202,0.026200735839213563,0.0035668781863151706,both growing
21,395,Kalahandi,0.0369479312408331,0.03339631939482364,growing,growing,0.027918883228348124,0.02286020112906484,0.00355161184600946,both growing
9,179,Sultanpur,0.03827748147700673,0.04177995608425985,growing,growing,0.029796763670610016,0.05078023593408343,0.0035024746072531213,both growing
20,358,Palamu,0.04333755095628616,0.0466797043857049,growing,growing,0.03806201898150441,0.05125042175590311,0.003342153429418744,both growing
19,341,Haora,0.024146294361528917,0.020822550363980306,growing,growing,0.022746600118675575,0.028492127960532798,0.0033237439975486102,both growing
33,612,Dindigul,0.029540733115553823,0.0322687795825102,growing,growing,0.0298307662575652,0.02928466749690517,0.002728046466956374,both growing
33,625,Virudhunagar,0.027021765019293733,0.029702050677334495,growing,growing,0.02451569237906659,0.028305079585467352,0.0026802856580407618,both growing
9,191,Azamgarh,0.02684263692385582,0.029487438415154034,growing,growing,0.03112102357722879,0.03534963517679257,0.0026448014912982126,both growing
9,155,Hardoi,0.05228732070102989,0.04964457036100024,growing,growing,0.053769135506429366,0.06197752316919636,0.0026427503400296495,both growing
8,124,Dungarpur,0.038456748082810646,0.03587201154223291,growing,growing,0.023518644278519796,0.04482062688507438,0.0025847365405777395,both growing
28,547,Krishna,0.02086559606246411,0.02343085771615952,growing,growing,0.02084728776333411,0.027759762058752635,0.0025652616536954095,both growing
33,632,Coimbatore,0.04462051277358322,0.042077183078220406,growing,growing,0.042542233634276005,0.04335076455891307,0.002543329695362813,both growing
20,346,Garhwa,0.049545263601389,0.052041860765243544,growing,growing,0.04309506782435868,0.05944382999400388,0.0024965971638545442,both growing
33,626,Ramanathapuram,0.021122478189882575,0.018724941552635203,growing,stagnant,0.023972051101059044,0.023170724876112825,0.0023975366372473716,volume growing / ntl flat
2,24,Kangra,0.04104822666076665,0.0387149757611152,growing,growing,0.03538501474405176,0.05297468860334531,0.0023332508996514525,both growing
23,444,Bhopal,0.03529546160976726,0.03744360331475142,growing,growing,0.03577774739324746,0.042588519352076304,0.0021481417049841606,both growing
2,27,Mandi,0.027497197248818883,0.02961811979312786,growing,growing,0.026955905815646553,0.05051429677037245,0.002120922544308977,both growing
22,407,Kabeerdham,0.03895282938820056,0.041065482728645686,growing,growing,0.03811941289150256,0.032645960005413865,0.0021126533404451225,both growing
3,40,Fatehgarh Sahib,0.034153969351350635,0.036181981218307915,growing,growing,0.02174499783476569,0.042610701048765076,0.00202801186695728,both growing
3,35,Gurdaspur,0.028575310831762492,0.030584876014431397,growing,growing,0.024214856709141364,0.032010611733978234,0.0020095651826689057,both growing
19,332,Maldah,0.03256249305907513,0.030590146432292766,growing,growing,0.04218860814380787,0.0453918913222664,0.0019723466267823654,both growing
5,62,Pithoragarh,-0.060147176641964416,-0.06190814913186991,declining,declining,-0.04807678290761552,-0.06752855465434537,0.0017609724899054977,both declining
27,498,Dhule,0.028955017648352767,0.030587900515723066,growing,growing,0.009822954517205718,0.033590217987018445,0.0016328828673702993,both growing
29,565,Bellary,0.022108512060123802,0.023678731033179655,growing,growing,0.018774012720377264,0.02006182301254733,0.0015702189730558529,both growing
12,254,Tirap,0.026597681355209193,0.025461892610187817,growing,growing,0.015278811507259071,0.03165204958259227,0.0011357887450213766,both growing
1,14,Anantnag,0.03110829184932734,0.032224181558535694,growing,growing,0.03677483039390106,0.037789320095284795,0.0011158897092083536,both growing
6,81,Bhiwani,0.029071749449420738,0.030165178661991865,growing,growing,0.01954484703274062,0.0262835001227677,0.0010934292125711273,both growing
29,555,Belgaum,0.035137122554568724,0.0362287473079933,growing,growing,0.028237455206247875,0.03371995257907212,0.001091624753424579,both growing
6,83,Jhajjar,0.047333248664522216,0.048387402129183896,growing,growing,0.03624170475721389,0.04718582614605937,0.0010541534646616793,both growing
3,45,Faridkot,0.05030580820258563,0.05130786971371057,growing,growing,0.03734563681631675,0.05524359575408422,0.0010020615111249395,both growing
10,225,Banka,0.06730922329944677,0.06827423875346024,growing,growing,0.05923209471561619,0.059585139883272076,0.0009650154540134653,both growing
29,583,Bangalore Rural,0.06888731759603701,0.06794254365548208,growing,growing,0.07221915504999243,0.07345041035843658,0.0009447739405549355,both growing
9,177,Faizabad,0.041324280808992364,0.04214581721612903,growing,growing,0.02598865512284454,0.04867227660077589,0.0008215364071366693,both growing
30,585,North Goa,0.027854822742195473,0.028642718547824356,growing,growing,0.024947026689002838,0.034433152627381114,0.0007878958056288833,both growing
6,80,Hisar,0.04526332161710529,0.045980928860041084,growing,growing,0.0406827435029653,0.04272478342786856,0.0007176072429357916,both growing
27,518,Mumbai Suburban,0.012515417973387588,0.01196424724699342,stagnant,stagnant,0.012536757624471706,0.011514322705610258,0.0005511707263941689,both stagnant
29,574,Hassan,0.03942706403795505,0.03995445127067931,growing,growing,0.041617592030116946,0.043283883385331734,0.0005273872327242607,both growing
15,286,Lunglei,0.018378658780500424,0.01890265277034403,stagnant,stagnant,0.024194024934004466,0.030677264449044506,0.0005239939898436068,both stagnant
14,279,Ukhrul,0.024123354406979474,0.024633517359680685,growing,growing,0.02611310795343358,0.05371271178533488,0.0005101629527012111,both growing
9,158,Rae Bareli,0.04000407492572292,0.03953504757627613,growing,growing,0.02979815157677468,0.034650314372771884,0.00046902734944679475,both growing
9,163,Kanpur Dehat,0.048041183384077576,0.04834024490038991,growing,growing,0.04502999707917832,0.06217919756121937,0.0002990615163123364,both growing
33,602,Thiruvallur,0.03686011320799886,0.037135038537431164,growing,growing,0.03855993288863435,0.04111438404425649,0.00027492532943230313,both growing
27,522,Ahmadnagar,0.03338513097830465,0.033646865550873206,growing,growing,0.027178770537550356,0.032904490839370526,0.00026173457256855465,both growing
19,339,Bankura,0.025017091877014053,0.02518829591933196,growing,growing,0.025945036908163077,0.020143235092501044,0.0001712040423179073,both growing
35,639,North  & Middle Andaman,0.030431047885889375,0.03027702371293669,growing,growing,0.03132609748710502,0.005685222159739434,0.00015402417295268603,both growing
